Name,TeamAbbreviation,GamesPlayed,Minutes,Assists,AssistPoints,2ptAssists,3ptAssists,AtRimAssists,ShortMidRangeAssists,LongMidRangeAssists,Corner3Assists,Arc3Assists,season,season_type
LeBron James,CLE,82,3026,9.109756097560977,22.414634146341466,4.914634146341464,4.1951219512195115,3.475609756097561,0.6707317073170732,0.7682926829268293,1.5853658536585369,2.609756097560976,2017-18,regular season
Khris Middleton,MIL,82,2982,4.0,9.24390243902439,2.756097560975609,1.2439024390243902,2.1219512195121952,0.3780487804878049,0.25609756097560976,0.4634146341463415,0.7804878048780488,2017-18,regular season
Andrew Wiggins,MIN,82,2979,1.951219512195122,4.646341463414634,1.2073170731707317,0.7439024390243902,0.6829268292682927,0.2682926829268293,0.25609756097560976,0.2804878048780488,0.4634146341463415,2017-18,regular season
Bradley Beal,WAS,82,2977,4.548780487804878,10.707317073170731,2.9390243902439024,1.6097560975609757,1.4756097560975612,0.9146341463414634,0.5487804878048781,0.451219512195122,1.1585365853658536,2017-18,regular season
Jrue Holiday,NOP,81,2927,6.0,14.074074074074074,3.9259259259259265,2.074074074074074,2.567901234567901,0.8641975308641975,0.4938271604938271,0.6049382716049383,1.469135802469136,2017-18,regular season
CJ McCollum,POR,81,2923,3.3580246913580245,8.012345679012345,2.061728395061728,1.2962962962962965,1.3333333333333333,0.3580246913580247,0.3703703703703704,0.3950617283950617,0.9012345679012346,2017-18,regular season
Karl-Anthony Towns,MIN,82,2918,2.426829268292683,5.560975609756096,1.7195121951219512,0.7073170731707317,0.9878048780487804,0.3780487804878049,0.35365853658536583,0.2195121951219512,0.4878048780487805,2017-18,regular season
Russell Westbrook,OKC,80,2914,10.25,24.375,6.375,3.875,4.6375,1.0375,0.7,1.075,2.8,2017-18,regular season
Paul George,OKC,79,2891,3.3291139240506333,7.924050632911393,2.0632911392405062,1.2658227848101269,1.4177215189873418,0.3670886075949367,0.27848101265822783,0.5063291139240507,0.7594936708860759,2017-18,regular season
Giannis Antetokounmpo,MIL,75,2756,4.8133333333333335,11.92,2.52,2.293333333333333,1.6266666666666667,0.4533333333333333,0.44,0.7866666666666666,1.5066666666666666,2017-18,regular season
Kemba Walker,CHA,80,2736,5.55,12.9375,3.7125,1.8375,2.1375,0.825,0.75,0.4125,1.425,2017-18,regular season
Ben Simmons,PHI,81,2732,8.160493827160494,20.049382716049386,4.432098765432099,3.728395061728395,3.08641975308642,0.6419753086419753,0.7037037037037037,0.5679012345679012,3.1604938271604937,2017-18,regular season
Anthony Davis,NOP,75,2727,2.32,5.64,1.32,1.0,0.7866666666666666,0.36,0.17333333333333334,0.30666666666666664,0.6933333333333334,2017-18,regular season
Taj Gibson,MIN,82,2727,1.2073170731707317,2.8902439024390243,0.7317073170731707,0.475609756097561,0.4268292682926829,0.12195121951219512,0.18292682926829268,0.1097560975609756,0.36585365853658536,2017-18,regular season
DeMar DeRozan,TOR,80,2712,5.2125,12.9375,2.7,2.5125,1.7,0.675,0.325,0.7,1.8125,2017-18,regular season
Josh Richardson,MIA,81,2689,2.851851851851852,6.790123456790122,1.7654320987654322,1.0864197530864197,1.1851851851851851,0.34567901234567894,0.2345679012345679,0.32098765432098764,0.7654320987654321,2017-18,regular season
Will Barton,DEN,81,2683,4.08641975308642,9.65432098765432,2.6049382716049383,1.4814814814814814,1.8641975308641976,0.4814814814814815,0.25925925925925924,0.32098765432098764,1.160493827160494,2017-18,regular season
Damian Lillard,POR,73,2670,6.589041095890411,15.205479452054794,4.561643835616438,2.0273972602739727,3.0,1.0273972602739727,0.5342465753424658,0.547945205479452,1.4794520547945205,2017-18,regular season
Tobias Harris,LAC,80,2668,2.4,5.9125,1.2875,1.1125,0.95,0.2,0.1375,0.375,0.7375,2017-18,regular season
Donovan Mitchell,UTA,79,2638,3.683544303797469,9.0126582278481,2.037974683544304,1.6455696202531649,1.5569620253164558,0.2405063291139241,0.2405063291139241,0.6708860759493671,0.9746835443037974,2017-18,regular season
Harrison Barnes,DAL,77,2635,1.974025974025974,5.077922077922079,0.8441558441558441,1.12987012987013,0.4935064935064935,0.15584415584415584,0.1948051948051948,0.2987012987012987,0.8311688311688312,2017-18,regular season
Andre Drummond,DET,78,2625,3.0384615384615383,6.7435897435897445,2.371794871794872,0.6666666666666666,1.205128205128205,0.5641025641025641,0.6025641025641025,0.15384615384615385,0.5128205128205128,2017-18,regular season
Thaddeus Young,IND,81,2607,1.8765432098765433,4.530864197530863,1.0987654320987654,0.7777777777777778,0.7283950617283951,0.13580246913580246,0.2345679012345679,0.308641975308642,0.4691358024691358,2017-18,regular season
Lou Williams,LAC,79,2589,5.278481012658228,11.759493670886073,4.075949367088608,1.2025316455696202,3.3417721518987342,0.5189873417721519,0.21518987341772156,0.4303797468354431,0.7721518987341772,2017-18,regular season
E'Twaun Moore,NOP,82,2586,2.2804878048780486,5.243902439024391,1.5975609756097562,0.6829268292682927,0.975609756097561,0.4146341463414634,0.2073170731707317,0.1951219512195122,0.4878048780487805,2017-18,regular season
Joe Ingles,UTA,82,2579,4.780487804878049,10.80487804878049,3.5365853658536586,1.2439024390243902,2.5609756097560976,0.5365853658536586,0.4390243902439024,0.5,0.7439024390243902,2017-18,regular season
Jamal Murray,DEN,81,2565,3.3827160493827164,8.061728395061728,2.08641975308642,1.2962962962962965,1.1234567901234571,0.5432098765432098,0.41975308641975306,0.20987654320987653,1.0864197530864197,2017-18,regular season
Victor Oladipo,IND,75,2552,4.306666666666667,10.013333333333334,2.9066666666666667,1.4,1.8666666666666667,0.4133333333333333,0.6266666666666667,0.44,0.96,2017-18,regular season
James Harden,HOU,72,2551,8.75,20.847222222222218,5.402777777777778,3.3472222222222223,4.986111111111111,0.2222222222222222,0.19444444444444445,1.0555555555555556,2.2916666666666665,2017-18,regular season
Robert Covington,PHI,80,2531,1.95,4.5875,1.2625,0.6875,0.9125,0.1875,0.1625,0.175,0.5125,2017-18,regular season
Kyle Lowry,TOR,78,2510,6.884615384615384,15.5,5.153846153846153,1.7307692307692308,3.435897435897436,0.9743589743589745,0.7435897435897436,0.5897435897435898,1.1410256410256407,2017-18,regular season
LaMarcus Aldridge,SAS,75,2509,2.026666666666667,4.973333333333334,1.106666666666667,0.92,0.4666666666666667,0.2533333333333333,0.38666666666666666,0.22666666666666666,0.6933333333333334,2017-18,regular season
Klay Thompson,GSW,73,2504,2.5342465753424657,5.6438356164383565,1.9589041095890407,0.5753424657534246,1.4383561643835616,0.3150684931506849,0.2054794520547945,0.1643835616438356,0.410958904109589,2017-18,regular season
Carmelo Anthony,OKC,78,2501,1.3205128205128205,3.358974358974359,0.6025641025641025,0.7179487179487181,0.4230769230769231,0.05128205128205128,0.1282051282051282,0.2692307692307692,0.4487179487179487,2017-18,regular season
Steven Adams,OKC,76,2487,1.1578947368421053,2.8026315789473686,0.6710526315789473,0.4868421052631579,0.42105263157894735,0.07894736842105263,0.17105263157894735,0.14473684210526316,0.34210526315789475,2017-18,regular season
Bojan Bogdanovic,IND,80,2465,1.4875,3.475,0.9875,0.5,0.5875,0.1625,0.2375,0.1625,0.3375,2017-18,regular season
Taurean Prince,ATL,82,2464,2.609756097560976,6.146341463414633,1.6829268292682926,0.9268292682926829,1.146341463414634,0.24390243902439024,0.2926829268292683,0.5243902439024389,0.4024390243902439,2017-18,regular season
Dwight Howard,CHA,81,2464,1.2962962962962965,3.08641975308642,0.8024691358024691,0.4938271604938271,0.4074074074074074,0.13580246913580246,0.25925925925925924,0.07407407407407407,0.41975308641975306,2017-18,regular season
Kentavious Caldwell-Pope,LAL,74,2458,2.189189189189189,5.108108108108109,1.4594594594594594,0.7297297297297297,1.1216216216216215,0.2297297297297297,0.10810810810810813,0.14864864864864866,0.581081081081081,2017-18,regular season
Jayson Tatum,BOS,80,2443,1.6,3.9625,0.8375,0.7625,0.4625,0.2375,0.1375,0.2125,0.55,2017-18,regular season
Nikola Jokic,DEN,75,2443,6.1066666666666665,14.16,4.16,1.9466666666666668,2.9466666666666668,0.8933333333333333,0.32,0.4,1.5466666666666666,2017-18,regular season
Otto Porter Jr.,WAS,77,2432,2.0389610389610393,4.740259740259741,1.3766233766233766,0.6623376623376623,0.6493506493506493,0.5324675324675324,0.1948051948051948,0.14285714285714285,0.5194805194805194,2017-18,regular season
DeAndre Jordan,LAC,77,2424,1.5194805194805194,3.5064935064935066,1.051948051948052,0.4675324675324675,0.5974025974025974,0.14285714285714285,0.3116883116883117,0.12987012987012986,0.3376623376623377,2017-18,regular season
Marc Gasol,MEM,73,2408,4.178082191780821,10.150684931506847,2.3835616438356166,1.7945205479452055,1.7260273972602742,0.2191780821917808,0.4383561643835616,0.4520547945205479,1.3424657534246576,2017-18,regular season
Kyle Kuzma,LAL,77,2401,1.8311688311688312,4.298701298701299,1.1948051948051948,0.6363636363636364,1.025974025974026,0.09090909090909093,0.07792207792207792,0.16883116883116886,0.4675324675324675,2017-18,regular season
Goran Dragic,MIA,75,2378,4.786666666666667,11.266666666666667,3.0933333333333333,1.6933333333333334,2.066666666666667,0.6666666666666666,0.36,0.6933333333333334,1.0,2017-18,regular season
Dillon Brooks,MEM,82,2350,1.6463414634146343,3.817073170731707,1.1219512195121952,0.5243902439024389,0.6097560975609756,0.17073170731707318,0.3414634146341464,0.13414634146341464,0.3902439024390244,2017-18,regular season
Wilson Chandler,DEN,74,2346,2.1486486486486487,5.418918918918918,1.027027027027027,1.1216216216216215,0.6351351351351351,0.2702702702702703,0.12162162162162166,0.4459459459459459,0.6756756756756757,2017-18,regular season
Kevin Durant,GSW,68,2325,5.382352941176472,12.691176470588234,3.4558823529411766,1.9264705882352944,2.4411764705882355,0.4705882352941176,0.5441176470588235,0.3970588235294117,1.5294117647058822,2017-18,regular season
Eric Bledsoe,MIL,74,2322,5.0,11.351351351351349,3.6486486486486487,1.351351351351351,2.4729729729729732,0.6351351351351351,0.5405405405405406,0.4864864864864865,0.8648648648648649,2017-18,regular season
Jeff Teague,MIN,70,2311,7.0285714285714285,15.728571428571426,5.357142857142857,1.6714285714285717,3.0285714285714285,1.3714285714285714,0.9571428571428572,0.5714285714285714,1.1,2017-18,regular season
Dario Saric,PHI,78,2310,2.58974358974359,6.102564102564102,1.6666666666666667,0.9230769230769232,1.1666666666666667,0.2948717948717949,0.20512820512820512,0.1282051282051282,0.7948717948717948,2017-18,regular season
Courtney Lee,NYK,76,2310,2.3684210526315788,5.434210526315789,1.6710526315789471,0.6973684210526315,0.8947368421052632,0.4078947368421053,0.3684210526315789,0.11842105263157895,0.5789473684210527,2017-18,regular season
Spencer Dinwiddie,BKN,80,2306,6.55,15.9375,3.7125,2.8375,2.6125,0.875,0.225,0.85,1.9875,2017-18,regular season
Gary Harris,DEN,67,2304,2.8955223880597014,7.0,1.6865671641791045,1.208955223880597,1.1492537313432836,0.373134328358209,0.16417910447761194,0.20895522388059698,1.0,2017-18,regular season
Draymond Green,GSW,70,2287,7.257142857142857,16.642857142857142,5.128571428571429,2.128571428571429,2.9,0.7857142857142857,1.4428571428571428,0.4714285714285714,1.6571428571428573,2017-18,regular season
Yogi Ferrell,DAL,82,2282,2.451219512195122,6.0,1.3536585365853657,1.0975609756097562,0.7073170731707317,0.3170731707317073,0.32926829268292684,0.3048780487804878,0.7926829268292683,2017-18,regular season
PJ Tucker,HOU,82,2281,0.9390243902439024,2.3170731707317067,0.5,0.4390243902439024,0.4390243902439024,0.024390243902439025,0.03658536585365853,0.13414634146341464,0.3048780487804878,2017-18,regular season
Al Horford,BOS,72,2277,4.708333333333333,11.444444444444445,2.680555555555556,2.0277777777777777,1.625,0.4166666666666667,0.6388888888888888,0.5972222222222222,1.4305555555555556,2017-18,regular season
Trevor Ariza,HOU,67,2269,1.5671641791044777,4.014925373134329,0.6865671641791045,0.8805970149253731,0.582089552238806,0.07462686567164177,0.02985074626865672,0.4477611940298508,0.4328358208955224,2017-18,regular season
Justin Holiday,CHI,72,2265,2.125,4.875,1.5,0.625,0.8333333333333334,0.3888888888888889,0.2777777777777778,0.1527777777777778,0.4722222222222222,2017-18,regular season
Ricky Rubio,UTA,77,2254,5.324675324675325,12.701298701298699,3.272727272727273,2.051948051948052,2.467532467532468,0.4675324675324675,0.3376623376623377,0.935064935064935,1.1168831168831168,2017-18,regular season
JR Smith,CLE,80,2244,1.7625,4.3125,0.975,0.7875,0.7625,0.075,0.1375,0.35,0.4375,2017-18,regular season
Kelly Oubre Jr.,WAS,81,2231,1.2098765432098766,2.8271604938271606,0.8024691358024691,0.4074074074074074,0.4320987654320987,0.1851851851851852,0.1851851851851852,0.061728395061728385,0.34567901234567894,2017-18,regular season
Cory Joseph,IND,82,2210,3.1707317073170733,7.439024390243902,2.073170731707317,1.0975609756097562,1.024390243902439,0.4268292682926829,0.6219512195121951,0.2804878048780488,0.8170731707317073,2017-18,regular season
Allen Crabbe,BKN,75,2192,1.56,3.693333333333333,0.9866666666666668,0.5733333333333334,0.7066666666666667,0.21333333333333332,0.06666666666666668,0.14666666666666667,0.4266666666666667,2017-18,regular season
Julius Randle,LAL,82,2190,2.5609756097560976,6.329268292682928,1.3536585365853657,1.2073170731707317,0.9268292682926829,0.2073170731707317,0.2195121951219512,0.2682926829268293,0.9390243902439024,2017-18,regular season
DeMarre Carroll,BKN,73,2180,2.0136986301369864,4.9589041095890405,1.082191780821918,0.9315068493150684,0.6849315068493149,0.273972602739726,0.1232876712328767,0.2465753424657534,0.6849315068493149,2017-18,regular season
Bogdan Bogdanovic,SAC,78,2175,3.3076923076923075,7.6923076923076925,2.230769230769231,1.0769230769230769,1.3974358974358974,0.4358974358974359,0.3974358974358974,0.2307692307692308,0.8461538461538461,2017-18,regular season
Jimmy Butler,MIN,59,2164,4.881355932203389,11.016949152542374,3.6271186440677967,1.2542372881355932,2.0,0.7966101694915254,0.8305084745762712,0.3728813559322034,0.8813559322033898,2017-18,regular season
Eric Gordon,HOU,69,2154,2.231884057971014,5.565217391304348,1.1304347826086956,1.1014492753623188,0.927536231884058,0.10144927536231883,0.10144927536231883,0.5507246376811594,0.5507246376811594,2017-18,regular season
Derrick Favors,UTA,77,2153,1.324675324675325,3.2987012987012987,0.6753246753246753,0.6493506493506493,0.4675324675324675,0.07792207792207792,0.12987012987012986,0.2077922077922078,0.4415584415584416,2017-18,regular season
Jaylen Brown,BOS,70,2152,1.6285714285714286,3.8285714285714287,1.0571428571428572,0.5714285714285714,0.5428571428571428,0.22857142857142854,0.2857142857142857,0.22857142857142854,0.3428571428571429,2017-18,regular season
T.J. Warren,PHX,65,2142,1.3076923076923077,3.2,0.7230769230769231,0.5846153846153846,0.4307692307692308,0.2307692307692308,0.061538461538461535,0.12307692307692307,0.4615384615384616,2017-18,regular season
Wesley Matthews,DAL,63,2132,2.7301587301587302,6.809523809523809,1.380952380952381,1.3492063492063493,0.9047619047619048,0.14285714285714285,0.3333333333333333,0.25396825396825395,1.0952380952380951,2017-18,regular season
JJ Redick,PHI,70,2116,3.0,7.057142857142857,1.9428571428571428,1.0571428571428572,1.5142857142857142,0.3,0.12857142857142856,0.14285714285714285,0.9142857142857144,2017-18,regular season
Patty Mills,SAS,82,2107,2.7926829268292686,6.5,1.8780487804878048,0.9146341463414634,0.8414634146341463,0.5,0.5365853658536586,0.2926829268292683,0.6219512195121951,2017-18,regular season
Denzel Valentine,CHI,77,2095,3.168831168831169,7.545454545454546,1.9610389610389607,1.207792207792208,1.3116883116883118,0.3116883116883117,0.3376623376623377,0.3246753246753247,0.8831168831168831,2017-18,regular season
Serge Ibaka,TOR,76,2093,0.8157894736842105,2.013157894736842,0.4342105263157895,0.3815789473684211,0.27631578947368424,0.06578947368421052,0.09210526315789473,0.14473684210526316,0.2368421052631579,2017-18,regular season
Jae Crowder,UTA,80,2090,1.2375,3.0375,0.675,0.5625,0.5,0.0875,0.0875,0.1375,0.425,2017-18,regular season
Jusuf Nurkic,POR,79,2088,1.810126582278481,4.278481012658228,1.1518987341772151,0.6582278481012658,0.810126582278481,0.12658227848101267,0.21518987341772156,0.17721518987341772,0.4810126582278481,2017-18,regular season
Dennis Schroder,ATL,67,2078,6.223880597014926,14.985074626865673,3.6865671641791047,2.537313432835821,2.283582089552239,0.746268656716418,0.6567164179104478,0.8208955223880597,1.7164179104477613,2017-18,regular season
Marcin Gortat,WAS,82,2075,1.8414634146341464,4.402439024390244,1.1219512195121952,0.7195121951219512,0.573170731707317,0.18292682926829268,0.36585365853658536,0.15853658536585366,0.5609756097560976,2017-18,regular season
Al-Farouq Aminu,POR,69,2072,1.2173913043478262,2.855072463768116,0.7971014492753623,0.42028985507246375,0.5072463768115942,0.07246376811594203,0.21739130434782608,0.07246376811594203,0.3478260869565217,2017-18,regular season
Dragan Bender,PHX,82,2069,1.5853658536585369,3.6463414634146334,1.1097560975609757,0.475609756097561,0.573170731707317,0.2804878048780488,0.25609756097560976,0.1097560975609756,0.36585365853658536,2017-18,regular season
Terry Rozier,BOS,80,2068,2.9,7.0625,1.6375,1.2625,0.8875,0.325,0.425,0.3125,0.95,2017-18,regular season
Austin Rivers,LAC,61,2057,3.9672131147540974,9.62295081967213,2.278688524590164,1.6885245901639343,1.5901639344262295,0.459016393442623,0.2295081967213115,0.4262295081967213,1.2622950819672132,2017-18,regular season
Tony Snell,MIL,75,2053,1.3066666666666666,3.066666666666667,0.8533333333333334,0.4533333333333333,0.48,0.17333333333333334,0.2,0.09333333333333334,0.36,2017-18,regular season
Tyler Johnson,MIA,72,2052,2.2916666666666665,5.6944444444444455,1.1805555555555556,1.1111111111111112,0.8194444444444444,0.1527777777777778,0.20833333333333331,0.3333333333333333,0.7777777777777778,2017-18,regular season
Dennis Smith Jr.,DAL,69,2049,5.188405797101449,12.91304347826087,2.652173913043478,2.5362318840579707,1.5072463768115942,0.39130434782608703,0.7536231884057971,0.7536231884057971,1.7826086956521738,2017-18,regular season
Willie Cauley-Stein,SAC,73,2044,2.356164383561644,5.287671232876712,1.7808219178082192,0.5753424657534246,1.0684931506849316,0.3424657534246575,0.3698630136986301,0.1506849315068493,0.4246575342465753,2017-18,regular season
Ish Smith,DET,82,2043,4.390243902439025,11.085365853658537,2.0853658536585367,2.304878048780488,1.4146341463414631,0.3414634146341464,0.32926829268292684,0.5975609756097561,1.7073170731707317,2017-18,regular season
Wayne Ellington,MIA,77,2042,1.025974025974026,2.441558441558441,0.6363636363636364,0.3896103896103896,0.4675324675324675,0.11688311688311688,0.05194805194805195,0.15584415584415584,0.23376623376623376,2017-18,regular season
Clint Capela,HOU,74,2034,0.9189189189189191,2.3513513513513518,0.40540540540540543,0.5135135135135135,0.33783783783783783,0.013513513513513514,0.054054054054054064,0.25675675675675674,0.25675675675675674,2017-18,regular season
Evan Turner,POR,79,2034,2.189873417721519,5.215189873417722,1.3544303797468351,0.8354430379746836,0.8354430379746836,0.2278481012658228,0.2911392405063291,0.13924050632911392,0.6962025316455697,2017-18,regular season
Jonathon Simmons,ORL,69,2029,2.4782608695652173,6.231884057971015,1.2028985507246377,1.2753623188405796,0.6521739130434783,0.2753623188405797,0.2753623188405797,0.2463768115942029,1.0289855072463767,2017-18,regular season
De'Aaron Fox,SAC,73,2026,4.383561643835616,10.342465753424657,2.808219178082192,1.5753424657534247,1.5205479452054795,0.726027397260274,0.5616438356164384,0.4520547945205479,1.1232876712328768,2017-18,regular season
Buddy Hield,SAC,80,2024,1.9375,4.4875,1.325,0.6125,0.7625,0.3,0.2625,0.1625,0.45,2017-18,regular season
Lauri Markkanen,CHI,68,2020,1.161764705882353,2.8823529411764706,0.6029411764705882,0.5588235294117647,0.3235294117647059,0.2058823529411765,0.07352941176470587,0.14705882352941174,0.4117647058823529,2017-18,regular season
Darren Collison,IND,69,2019,5.333333333333333,12.27536231884058,3.724637681159421,1.608695652173913,1.710144927536232,0.7246376811594203,1.289855072463768,0.3333333333333333,1.2753623188405796,2017-18,regular season
Marvin Williams,CHA,78,2006,1.2307692307692308,2.833333333333333,0.8589743589743589,0.3717948717948718,0.4871794871794872,0.15384615384615385,0.21794871794871795,0.05128205128205128,0.3205128205128205,2017-18,regular season
Nicolas Batum,CHA,64,1981,5.453125,12.578125,3.78125,1.671875,2.34375,0.71875,0.71875,0.171875,1.5,2017-18,regular season
Kyle Anderson,SAS,74,1978,2.72972972972973,6.5,1.6891891891891893,1.0405405405405406,1.0945945945945943,0.2972972972972973,0.2972972972972973,0.20270270270270271,0.8378378378378378,2017-18,regular season
Brandon Ingram,LAL,59,1975,3.8983050847457625,9.47457627118644,2.2203389830508478,1.6779661016949152,1.6440677966101696,0.3898305084745763,0.1864406779661017,0.4067796610169492,1.2711864406779658,2017-18,regular season
Joe Harris,BKN,78,1975,1.641025641025641,3.9871794871794872,0.935897435897436,0.7051282051282052,0.6538461538461539,0.2435897435897436,0.038461538461538464,0.19230769230769232,0.5128205128205128,2017-18,regular season
Blake Griffin,DET,58,1970,5.758620689655173,13.948275862068966,3.327586206896552,2.431034482758621,1.9655172413793105,0.6724137931034483,0.6896551724137931,0.5172413793103449,1.913793103448276,2017-18,regular season
John Henson,MIL,76,1970,1.5,3.4342105263157894,1.0657894736842106,0.4342105263157895,0.5921052631578947,0.14473684210526316,0.32894736842105265,0.14473684210526316,0.2894736842105263,2017-18,regular season
Markieff Morris,WAS,73,1968,1.9452054794520548,4.520547945205481,1.3150684931506849,0.6301369863013698,0.6986301369863014,0.3561643835616438,0.2602739726027397,0.1643835616438356,0.4657534246575342,2017-18,regular season
Jeremy Lamb,CHA,80,1968,2.325,5.525,1.45,0.875,0.9375,0.35,0.1625,0.1625,0.7125,2017-18,regular season
Josh Jackson,PHX,77,1959,1.5454545454545454,3.6623376623376624,0.9740259740259741,0.5714285714285714,0.8311688311688312,0.1038961038961039,0.03896103896103896,0.3116883116883117,0.2597402597402597,2017-18,regular season
Marco Belinelli,PHI,80,1947,1.85,4.375,1.175,0.675,0.6375,0.1875,0.35,0.275,0.4,2017-18,regular season
Darius Miller,NOP,82,1944,1.3536585365853657,3.182926829268293,0.8780487804878049,0.475609756097561,0.5609756097560976,0.18292682926829268,0.13414634146341464,0.13414634146341464,0.3414634146341464,2017-18,regular season
James Johnson,MIA,73,1944,3.8356164383561633,9.671232876712331,1.8356164383561644,2.0,1.3835616438356164,0.2602739726027397,0.1917808219178082,0.5068493150684932,1.4931506849315068,2017-18,regular season
Kyrie Irving,BOS,60,1931,5.1,12.316666666666665,2.9833333333333334,2.1166666666666667,1.7333333333333334,0.7,0.55,0.6,1.5166666666666666,2017-18,regular season
Rondae Hollis-Jefferson,BKN,68,1921,2.4558823529411766,6.470588235294117,0.8970588235294118,1.5588235294117647,0.6176470588235294,0.14705882352941174,0.1323529411764706,0.3382352941176471,1.2205882352941178,2017-18,regular season
Joel Embiid,PHI,63,1912,3.1587301587301586,7.476190476190476,2.0,1.1587301587301588,1.126984126984127,0.25396825396825395,0.6190476190476191,0.2857142857142857,0.873015873015873,2017-18,regular season
Aaron Gordon,ORL,58,1909,2.3448275862068964,5.379310344827586,1.6551724137931034,0.6896551724137931,1.206896551724138,0.27586206896551724,0.1724137931034483,0.1896551724137931,0.5,2017-18,regular season
Dirk Nowitzki,DAL,77,1901,1.5584415584415583,3.6753246753246747,1.0,0.5584415584415584,0.6233766233766234,0.24675324675324675,0.12987012987012986,0.1948051948051948,0.3636363636363637,2017-18,regular season
Stanley Johnson,DET,69,1894,1.6231884057971016,4.0144927536231885,0.855072463768116,0.7681159420289855,0.6956521739130435,0.08695652173913042,0.07246376811594203,0.21739130434782608,0.5507246376811594,2017-18,regular season
Jordan Clarkson,CLE,81,1887,2.728395061728395,6.407407407407407,1.7777777777777777,0.9506172839506172,1.3333333333333333,0.2345679012345679,0.20987654320987653,0.1728395061728395,0.7777777777777778,2017-18,regular season
Tim Hardaway Jr.,NYK,57,1885,2.719298245614035,6.43859649122807,1.7192982456140349,1.0,0.912280701754386,0.42105263157894735,0.3859649122807017,0.3333333333333333,0.6666666666666666,2017-18,regular season
Devin Booker,PHX,54,1865,4.685185185185184,11.0,3.055555555555556,1.6296296296296295,2.462962962962963,0.3888888888888889,0.2037037037037037,0.5370370370370371,1.0925925925925926,2017-18,regular season
Caris LeVert,BKN,71,1864,4.211267605633803,10.084507042253524,2.5492957746478875,1.6619718309859155,1.8450704225352117,0.5211267605633803,0.18309859154929575,0.4507042253521127,1.2112676056338028,2017-18,regular season
Michael Kidd-Gilchrist,CHA,74,1850,0.9594594594594594,2.3783783783783785,0.5,0.4594594594594595,0.25675675675675674,0.12162162162162166,0.12162162162162166,0.0945945945945946,0.3648648648648649,2017-18,regular season
Lance Stephenson,IND,82,1850,2.865853658536585,6.353658536585367,2.2439024390243905,0.6219512195121951,1.3414634146341464,0.3780487804878049,0.5243902439024389,0.17073170731707318,0.451219512195122,2017-18,regular season
Chris Paul,HOU,58,1847,7.879310344827586,20.310344827586206,3.327586206896552,4.551724137931036,2.810344827586207,0.3620689655172414,0.15517241379310345,1.1896551724137931,3.362068965517241,2017-18,regular season
Evan Fournier,ORL,57,1837,2.8947368421052637,6.8771929824561395,1.8070175438596487,1.087719298245614,1.1578947368421053,0.3157894736842105,0.3333333333333333,0.4035087719298245,0.6842105263157895,2017-18,regular season
Myles Turner,IND,65,1836,1.3384615384615384,3.261538461538461,0.7538461538461538,0.5846153846153846,0.5230769230769231,0.07692307692307693,0.15384615384615385,0.2769230769230769,0.3076923076923077,2017-18,regular season
Frank Kaminsky,CHA,79,1835,1.6329113924050631,3.8987341772151898,1.0,0.6329113924050633,0.569620253164557,0.1518987341772152,0.27848101265822783,0.20253164556962025,0.4303797468354431,2017-18,regular season
Enes Kanter,NYK,71,1830,1.4788732394366195,3.3943661971830985,1.0422535211267605,0.4366197183098591,0.4225352112676056,0.2535211267605634,0.3661971830985916,0.028169014084507043,0.4084507042253521,2017-18,regular season
Jeff Green,CLE,78,1828,1.2692307692307692,3.102564102564102,0.7051282051282052,0.5641025641025641,0.5128205128205128,0.038461538461538464,0.15384615384615385,0.08974358974358974,0.4743589743589744,2017-18,regular season
Rudy Gobert,UTA,56,1816,1.4285714285714286,3.3928571428571432,0.8928571428571429,0.5357142857142857,0.4642857142857143,0.07142857142857142,0.35714285714285715,0.08928571428571429,0.44642857142857145,2017-18,regular season
George Hill,CLE,67,1812,2.776119402985074,6.656716417910447,1.6716417910447758,1.1044776119402986,0.8507462686567164,0.4328358208955224,0.3880597014925373,0.2835820895522388,0.8208955223880597,2017-18,regular season
Pau Gasol,SAS,77,1812,3.0909090909090913,6.831168831168832,2.441558441558441,0.6493506493506493,1.5194805194805194,0.3896103896103896,0.5324675324675324,0.07792207792207792,0.5714285714285714,2017-18,regular season
Domantas Sabonis,IND,74,1811,2.0405405405405403,5.013513513513512,1.108108108108108,0.9324324324324323,0.5,0.10810810810810813,0.5,0.2702702702702703,0.6621621621621622,2017-18,regular season
Elfrid Payton,PHX,63,1809,6.238095238095237,14.809523809523812,3.9047619047619047,2.333333333333333,2.523809523809524,0.7460317460317459,0.6349206349206349,0.492063492063492,1.8412698412698407,2017-18,regular season
Danny Green,SAS,70,1791,1.5714285714285714,3.5285714285714285,1.1857142857142855,0.3857142857142857,0.4857142857142857,0.3142857142857143,0.3857142857142857,0.2,0.18571428571428567,2017-18,regular season
Kent Bazemore,ATL,65,1790,3.507692307692308,7.984615384615385,2.5384615384615383,0.9692307692307692,1.892307692307692,0.3076923076923077,0.3384615384615385,0.3538461538461539,0.6153846153846154,2017-18,regular season
John Collins,ATL,74,1785,1.3243243243243243,3.216216216216216,0.7567567567567568,0.5675675675675675,0.4459459459459459,0.040540540540540536,0.2702702702702703,0.12162162162162166,0.4459459459459459,2017-18,regular season
Lonzo Ball,LAL,52,1780,7.230769230769232,16.73076923076923,4.961538461538462,2.269230769230769,3.4615384615384617,0.903846153846154,0.5961538461538461,0.5769230769230769,1.6923076923076923,2017-18,regular season
Kelly Olynyk,MIA,76,1779,2.7236842105263164,6.828947368421053,1.3421052631578947,1.381578947368421,0.9473684210526316,0.14473684210526316,0.25,0.4342105263157895,0.9473684210526316,2017-18,regular season
Doug McDermott,DAL,81,1768,0.9753086419753086,2.333333333333333,0.5925925925925926,0.382716049382716,0.2716049382716049,0.1728395061728395,0.14814814814814814,0.08641975308641975,0.2962962962962963,2017-18,regular season
D.J. Augustin,ORL,75,1760,3.826666666666666,8.88,2.6,1.2266666666666666,1.4266666666666667,0.68,0.4933333333333334,0.36,0.8666666666666667,2017-18,regular season
Anthony Tolliver,DET,79,1757,1.139240506329114,2.59493670886076,0.8227848101265823,0.3164556962025317,0.4936708860759494,0.13924050632911392,0.18987341772151897,0.08860759493670886,0.2278481012658228,2017-18,regular season
Dejounte Murray,SAS,81,1743,2.851851851851852,6.666666666666668,1.8888888888888888,0.9629629629629628,0.8641975308641975,0.5432098765432098,0.4814814814814815,0.32098765432098764,0.6419753086419753,2017-18,regular season
DeMarcus Cousins,NOP,48,1737,5.354166666666667,12.458333333333336,3.6041666666666665,1.75,2.3125,0.75,0.5416666666666666,0.875,0.875,2017-18,regular season
Brook Lopez,LAL,74,1735,1.7027027027027026,3.891891891891892,1.2162162162162162,0.4864864864864865,0.7432432432432432,0.21621621621621626,0.25675675675675674,0.12162162162162166,0.3648648648648649,2017-18,regular season
Reggie Bullock,DET,62,1732,1.5322580645161292,3.693548387096774,0.9032258064516128,0.6290322580645161,0.5645161290322581,0.2258064516129032,0.1129032258064516,0.1935483870967742,0.4354838709677419,2017-18,regular season
Ersan Ilyasova,PHI,69,1730,1.3043478260869563,3.072463768115942,0.8405797101449275,0.463768115942029,0.4057971014492754,0.14492753623188406,0.2898550724637681,0.18840579710144928,0.2753623188405797,2017-18,regular season
Jonas Valanciunas,TOR,77,1727,1.051948051948052,2.623376623376624,0.5324675324675324,0.5194805194805194,0.35064935064935066,0.1038961038961039,0.07792207792207792,0.1038961038961039,0.4155844155844156,2017-18,regular season
Ryan Anderson,HOU,66,1725,0.9090909090909092,2.3484848484848486,0.3787878787878788,0.5303030303030303,0.3333333333333333,0.015151515151515154,0.030303030303030307,0.12121212121212123,0.4090909090909091,2017-18,regular season
T.J. McConnell,PHI,76,1706,3.986842105263158,9.56578947368421,2.3947368421052637,1.5921052631578947,1.7105263157894737,0.2894736842105263,0.3947368421052632,0.3815789473684211,1.2105263157894737,2017-18,regular season
Frank Ntilikina,NYK,78,1706,3.2051282051282053,7.4743589743589745,2.141025641025641,1.064102564102564,1.2820512820512822,0.4743589743589744,0.38461538461538464,0.16666666666666666,0.8974358974358975,2017-18,regular season
Rajon Rondo,NOP,65,1705,8.2,18.6,6.0,2.2,3.815384615384616,1.353846153846154,0.8307692307692308,0.5384615384615384,1.6615384615384616,2017-18,regular season
Robin Lopez,CHI,64,1690,1.9375,4.6875,1.125,0.8125,0.578125,0.1875,0.359375,0.109375,0.703125,2017-18,regular season
Jerian Grant,CHI,74,1686,4.621621621621622,11.135135135135135,2.72972972972973,1.891891891891892,1.4324324324324325,0.6756756756756757,0.6216216216216216,0.4594594594594595,1.4324324324324325,2017-18,regular season
Nikola Vucevic,ORL,57,1683,3.3508771929824563,8.0,2.0526315789473686,1.2982456140350878,1.4561403508771933,0.2807017543859649,0.3157894736842105,0.2631578947368421,1.0350877192982455,2017-18,regular season
Justise Winslow,MIA,68,1681,2.176470588235294,5.161764705882354,1.3676470588235294,0.8088235294117647,0.9705882352941176,0.22058823529411764,0.17647058823529413,0.2647058823529412,0.5441176470588235,2017-18,regular season
Pascal Siakam,TOR,81,1679,1.9629629629629632,4.777777777777779,1.1111111111111112,0.8518518518518519,0.925925925925926,0.13580246913580246,0.04938271604938271,0.2469135802469136,0.6049382716049383,2017-18,regular season
Dwight Powell,DAL,79,1672,1.1518987341772151,2.848101265822785,0.6075949367088608,0.5443037974683544,0.3924050632911392,0.10126582278481013,0.1139240506329114,0.05063291139240506,0.4936708860759494,2017-18,regular season
Jarell Martin,MEM,73,1661,1.0,2.3698630136986303,0.6301369863013698,0.3698630136986301,0.3561643835616438,0.0958904109589041,0.1780821917808219,0.0958904109589041,0.273972602739726,2017-18,regular season
Tyler Ulis,PHX,71,1659,4.380281690140845,10.380281690140846,2.7605633802816896,1.6197183098591552,2.2112676056338034,0.28169014084507044,0.2676056338028169,0.39436619718309857,1.2253521126760565,2017-18,regular season
Mario Hezonja,ORL,75,1657,1.413333333333333,3.2133333333333334,1.0266666666666666,0.38666666666666666,0.76,0.18666666666666668,0.08,0.08,0.30666666666666664,2017-18,regular season
Michael Beasley,NYK,74,1653,1.6621621621621618,3.8513513513513513,1.135135135135135,0.527027027027027,0.7027027027027027,0.10810810810810813,0.32432432432432434,0.21621621621621626,0.3108108108108108,2017-18,regular season
Jamal Crawford,MIN,80,1653,2.3125,5.1,1.8375,0.475,1.275,0.275,0.2875,0.075,0.4,2017-18,regular season
Kevin Love,CLE,59,1651,1.7457627118644068,4.101694915254237,1.1355932203389831,0.6101694915254238,0.9491525423728814,0.1016949152542373,0.0847457627118644,0.2033898305084746,0.4067796610169492,2017-18,regular season
Jerami Grant,OKC,81,1647,0.7037037037037037,1.8888888888888888,0.2222222222222222,0.4814814814814815,0.16049382716049382,0.02469135802469136,0.037037037037037035,0.16049382716049382,0.32098765432098764,2017-18,regular season
David Nwaba,CHI,70,1646,1.4857142857142858,3.5142857142857142,0.9428571428571428,0.5428571428571428,0.6571428571428571,0.14285714285714285,0.14285714285714285,0.08571428571428573,0.4571428571428571,2017-18,regular season
Tomas Satoransky,WAS,73,1643,3.9178082191780814,9.041095890410961,2.712328767123288,1.2054794520547945,1.178082191780822,0.821917808219178,0.7123287671232876,0.2876712328767123,0.9178082191780822,2017-18,regular season
Bobby Portis,CHI,73,1642,1.6849315068493151,4.1643835616438345,0.8904109589041096,0.7945205479452054,0.5068493150684932,0.2054794520547945,0.1780821917808219,0.136986301369863,0.6575342465753424,2017-18,regular season
Stephen Curry,GSW,51,1631,6.078431372549018,13.980392156862745,4.254901960784314,1.8235294117647056,2.980392156862745,0.6078431372549019,0.6666666666666666,0.4117647058823529,1.4117647058823528,2017-18,regular season
Andre Iguodala,GSW,64,1623,3.28125,7.578125,2.265625,1.015625,1.265625,0.4375,0.5625,0.171875,0.84375,2017-18,regular season
Troy Daniels,PHX,79,1622,0.6075949367088608,1.4050632911392404,0.4177215189873418,0.18987341772151897,0.2405063291139241,0.13924050632911392,0.0379746835443038,0.05063291139240506,0.13924050632911392,2017-18,regular season
Rodney Hood,CLE,60,1616,1.5833333333333333,3.9166666666666665,0.8333333333333334,0.75,0.6,0.18333333333333326,0.05,0.38333333333333336,0.36666666666666653,2017-18,regular season
Garrett Temple,SAC,65,1615,1.907692307692308,4.323076923076924,1.4,0.5076923076923077,0.9076923076923076,0.3230769230769231,0.16923076923076924,0.2153846153846154,0.2923076923076923,2017-18,regular season
Marcus Smart,BOS,54,1614,4.796296296296297,11.314814814814815,3.0740740740740735,1.7222222222222223,2.074074074074074,0.3703703703703704,0.6296296296296297,0.5555555555555556,1.1666666666666667,2017-18,regular season
Tyreke Evans,MEM,52,1607,5.1730769230769225,12.115384615384615,3.4038461538461537,1.7692307692307692,2.3846153846153846,0.4807692307692308,0.5384615384615384,0.4423076923076923,1.3269230769230769,2017-18,regular season
James Ennis III,DET,72,1604,0.9861111111111112,2.25,0.7083333333333334,0.2777777777777778,0.4861111111111111,0.1527777777777778,0.06944444444444445,0.09722222222222222,0.18055555555555555,2017-18,regular season
J.J. Barea,DAL,69,1604,6.2898550724637685,14.420289855072465,4.449275362318841,1.8405797101449275,2.8115942028985508,0.5942028985507246,1.0434782608695652,0.37681159420289856,1.463768115942029,2017-18,regular season
Kyle Korver,CLE,73,1574,1.2054794520547945,2.684931506849315,0.9315068493150684,0.273972602739726,0.7397260273972602,0.1095890410958904,0.0821917808219178,0.0958904109589041,0.1780821917808219,2017-18,regular season
Luc Mbah a Moute,HOU,61,1564,0.9016393442622952,2.278688524590164,0.4262295081967213,0.4754098360655738,0.3278688524590164,0.08196721311475409,0.016393442622950817,0.2295081967213115,0.2459016393442623,2017-18,regular season
Dante Cunningham,BKN,73,1562,0.6575342465753424,1.6986301369863013,0.273972602739726,0.3835616438356164,0.2328767123287671,0.0410958904109589,0.0,0.0821917808219178,0.3013698630136986,2017-18,regular season
Kristaps Porzingis,NYK,48,1553,1.1875,2.9166666666666665,0.6458333333333334,0.5416666666666666,0.2916666666666667,0.14583333333333334,0.20833333333333331,0.125,0.4166666666666667,2017-18,regular season
Jarrett Jack,NYK,62,1548,5.612903225806452,12.806451612903226,4.032258064516129,1.5806451612903225,2.290322580645161,0.9516129032258064,0.7903225806451613,0.5483870967741935,1.032258064516129,2017-18,regular season
Dewayne Dedmon,ATL,62,1542,1.4516129032258065,3.5967741935483866,0.7580645161290323,0.6935483870967742,0.3870967741935484,0.08064516129032258,0.2903225806451613,0.14516129032258066,0.5483870967741935,2017-18,regular season
JaMychal Green,MEM,55,1542,1.4363636363636365,3.272727272727273,1.0363636363636364,0.4,0.6545454545454545,0.18181818181818185,0.2,0.07272727272727272,0.3272727272727273,2017-18,regular season
Dwyane Wade,MIA,67,1536,3.4029850746268657,8.059701492537313,2.149253731343284,1.2537313432835822,1.6417910447761197,0.16417910447761194,0.34328358208955223,0.3582089552238806,0.8955223880597015,2017-18,regular season
Shabazz Napier,POR,74,1535,2.0270270270270268,4.9459459459459465,1.135135135135135,0.8918918918918919,0.7567567567567568,0.16216216216216214,0.21621621621621626,0.20270270270270271,0.6891891891891891,2017-18,regular season
Marquese Chriss,PHX,72,1527,1.1527777777777777,2.680555555555556,0.7777777777777778,0.375,0.3055555555555556,0.19444444444444445,0.2777777777777778,0.08333333333333333,0.2916666666666667,2017-18,regular season
Kris Dunn,CHI,52,1525,5.961538461538463,14.230769230769232,3.6538461538461537,2.3076923076923075,2.0384615384615383,0.7692307692307693,0.8461538461538461,0.5192307692307693,1.7884615384615383,2017-18,regular season
Jakob Poeltl,TOR,82,1524,0.6951219512195121,1.7926829268292683,0.2926829268292683,0.4024390243902439,0.18292682926829268,0.06097560975609756,0.04878048780487805,0.13414634146341464,0.2682926829268293,2017-18,regular season
Fred VanVleet,TOR,76,1520,3.1973684210526314,7.5394736842105265,2.0526315789473686,1.1447368421052628,1.5131578947368418,0.4078947368421053,0.13157894736842105,0.4868421052631579,0.6578947368421053,2017-18,regular season
Bryn Forbes,SAS,80,1517,1.0,2.3875,0.6125,0.3875,0.3125,0.15,0.15,0.1375,0.25,2017-18,regular season
Zach Randolph,SAC,59,1508,2.152542372881356,4.932203389830509,1.5254237288135593,0.6271186440677966,0.8474576271186439,0.3728813559322034,0.3050847457627119,0.15254237288135594,0.4745762711864407,2017-18,regular season
Justin Jackson,SAC,68,1506,1.088235294117647,2.676470588235294,0.5882352941176471,0.5,0.3382352941176471,0.16176470588235295,0.08823529411764706,0.2058823529411765,0.29411764705882354,2017-18,regular season
Bismack Biyombo,ORL,82,1495,0.8048780487804879,1.804878048780488,0.6097560975609756,0.1951219512195122,0.2804878048780488,0.0975609756097561,0.23170731707317074,0.03658536585365853,0.15853658536585366,2017-18,regular season
Nikola Mirotic,NOP,55,1494,1.4545454545454546,3.2909090909090915,1.0727272727272728,0.3818181818181817,0.6363636363636364,0.16363636363636366,0.2727272727272727,0.07272727272727272,0.3090909090909091,2017-18,regular season
Pat Connaughton,POR,82,1488,1.1097560975609757,2.7439024390243905,0.5853658536585366,0.5243902439024389,0.2682926829268293,0.1951219512195122,0.12195121951219512,0.12195121951219512,0.4024390243902439,2017-18,regular season
Wesley Johnson,LAC,74,1486,0.8243243243243243,1.9864864864864864,0.4864864864864865,0.33783783783783783,0.4189189189189189,0.040540540540540536,0.027027027027027032,0.08108108108108109,0.25675675675675674,2017-18,regular season
Aron Baynes,BOS,81,1485,1.148148148148148,2.7901234567901234,0.654320987654321,0.4938271604938271,0.3333333333333333,0.13580246913580246,0.1851851851851852,0.09876543209876544,0.3950617283950617,2017-18,regular season
OG Anunoby,TOR,74,1482,0.7432432432432432,1.8243243243243243,0.40540540540540543,0.33783783783783783,0.2297297297297297,0.12162162162162166,0.054054054054054064,0.12162162162162166,0.21621621621621626,2017-18,regular season
Ed Davis,POR,78,1471,0.5128205128205128,1.3333333333333333,0.20512820512820512,0.3076923076923077,0.10256410256410256,0.038461538461538464,0.0641025641025641,0.10256410256410256,0.20512820512820512,2017-18,regular season
Tyus Jones,MIN,82,1467,2.8292682926829267,6.646341463414633,1.8414634146341464,0.9878048780487804,1.0,0.4268292682926829,0.4146341463414634,0.3170731707317073,0.6707317073170732,2017-18,regular season
Luke Kennard,DET,73,1463,1.6986301369863013,4.1643835616438345,0.9315068493150684,0.7671232876712328,0.6164383561643836,0.2054794520547945,0.1095890410958904,0.2465753424657534,0.5205479452054794,2017-18,regular season
Josh Hart,LAL,63,1460,1.2698412698412698,3.111111111111111,0.6984126984126984,0.5714285714285714,0.5079365079365079,0.15873015873015872,0.031746031746031744,0.1111111111111111,0.4603174603174603,2017-18,regular season
Ian Clark,NOP,74,1454,1.4864864864864864,3.4459459459459465,1.0135135135135136,0.472972972972973,0.7432432432432432,0.12162162162162166,0.14864864864864866,0.08108108108108109,0.3918918918918919,2017-18,regular season
Marcus Morris,BOS,54,1442,1.3333333333333333,3.2222222222222223,0.7777777777777778,0.5555555555555556,0.5,0.16666666666666666,0.1111111111111111,0.2037037037037037,0.35185185185185186,2017-18,regular season
Jarrett Allen,BKN,72,1441,0.6805555555555556,1.6944444444444444,0.3472222222222222,0.3333333333333333,0.2222222222222222,0.08333333333333333,0.04166666666666666,0.08333333333333333,0.25,2017-18,regular season
Mason Plumlee,DEN,74,1440,1.9189189189189189,4.54054054054054,1.2162162162162162,0.7027027027027027,0.9324324324324323,0.1891891891891892,0.0945945945945946,0.21621621621621626,0.4864864864864865,2017-18,regular season
Malcolm Brogdon,MIL,48,1436,3.1666666666666665,7.25,2.25,0.9166666666666666,1.2708333333333333,0.4375,0.5416666666666666,0.22916666666666666,0.6875,2017-18,regular season
Avery Bradley,LAC,46,1433,2.0434782608695654,4.913043478260869,1.2173913043478262,0.8260869565217391,0.8260869565217391,0.2826086956521739,0.10869565217391304,0.1956521739130435,0.6304347826086957,2017-18,regular season
Delon Wright,TOR,69,1433,2.898550724637681,7.202898550724638,1.4927536231884058,1.4057971014492754,1.1014492753623188,0.2753623188405797,0.11594202898550725,0.5072463768115942,0.8985507246376812,2017-18,regular season
Mario Chalmers,MEM,66,1421,2.984848484848485,6.878787878787879,2.075757575757576,0.9090909090909092,1.5454545454545454,0.2272727272727273,0.30303030303030304,0.12121212121212123,0.7878787878787878,2017-18,regular season
Larry Nance Jr.,CLE,66,1421,1.2424242424242424,2.9696969696969697,0.7575757575757576,0.4848484848484849,0.5,0.12121212121212123,0.13636363636363635,0.10606060606060606,0.3787878787878788,2017-18,regular season
John Wall,WAS,41,1410,9.585365853658537,22.68292682926829,6.073170731707318,3.5121951219512195,3.634146341463415,1.195121951219512,1.2439024390243902,0.7804878048780488,2.731707317073171,2017-18,regular season
Mike Scott,WAS,76,1406,1.0526315789473684,2.526315789473684,0.631578947368421,0.42105263157894735,0.3947368421052632,0.13157894736842105,0.10526315789473684,0.10526315789473684,0.3157894736842105,2017-18,regular season
Alex Len,PHX,69,1395,1.1884057971014492,2.840579710144928,0.7246376811594203,0.463768115942029,0.3623188405797101,0.11594202898550725,0.2463768115942029,0.14492753623188406,0.3188405797101449,2017-18,regular season
Nick Young,GSW,80,1393,0.45,1.0875,0.2625,0.1875,0.1125,0.1,0.05,0.05,0.1375,2017-18,regular season
Kosta Koufos,SAC,71,1391,1.2253521126760565,2.943661971830986,0.7323943661971831,0.4929577464788733,0.18309859154929575,0.14084507042253522,0.4084507042253521,0.08450704225352113,0.4084507042253521,2017-18,regular season
Trey Lyles,DEN,73,1391,1.2465753424657535,3.0273972602739727,0.7123287671232876,0.5342465753424658,0.5068493150684932,0.136986301369863,0.0684931506849315,0.0547945205479452,0.4794520547945205,2017-18,regular season
Kyle O'Quinn,NYK,77,1387,2.051948051948052,4.415584415584416,1.7402597402597402,0.3116883116883117,1.2337662337662338,0.2077922077922078,0.2987012987012987,0.06493506493506493,0.24675324675324675,2017-18,regular season
Nemanja Bjelica,MIN,67,1371,1.2835820895522387,2.91044776119403,0.9402985074626866,0.34328358208955223,0.5223880597014925,0.2388059701492537,0.1791044776119403,0.14925373134328354,0.19402985074626866,2017-18,regular season
Bam Adebayo,MIA,69,1368,1.463768115942029,3.768115942028986,0.6231884057971014,0.8405797101449275,0.2753623188405797,0.07246376811594203,0.2753623188405797,0.2028985507246377,0.6376811594202898,2017-18,regular season
Shelvin Mack,ORL,69,1365,3.942028985507247,9.391304347826088,2.4347826086956523,1.5072463768115942,1.463768115942029,0.5362318840579711,0.43478260869565216,0.2463768115942029,1.2608695652173914,2017-18,regular season
Raymond Felton,OKC,82,1365,2.475609756097561,6.012195121951219,1.4146341463414631,1.0609756097560976,1.024390243902439,0.17073170731707318,0.2195121951219512,0.3414634146341464,0.7195121951219512,2017-18,regular season
Hassan Whiteside,MIA,54,1364,1.0,2.4074074074074074,0.5925925925925926,0.4074074074074074,0.25925925925925924,0.2037037037037037,0.12962962962962962,0.037037037037037035,0.3703703703703704,2017-18,regular season
Quincy Acy,BKN,70,1359,0.8142857142857143,2.071428571428572,0.37142857142857133,0.4428571428571429,0.22857142857142854,0.057142857142857134,0.08571428571428573,0.08571428571428573,0.35714285714285715,2017-18,regular season
Lance Thomas,NYK,73,1353,0.6027397260273972,1.4109589041095891,0.3972602739726027,0.2054794520547945,0.1643835616438356,0.1095890410958904,0.1232876712328767,0.0684931506849315,0.136986301369863,2017-18,regular season
Devin Harris,DEN,71,1340,2.140845070422535,5.028169014084507,1.3943661971830985,0.7464788732394366,0.8873239436619719,0.23943661971830985,0.2676056338028169,0.16901408450704225,0.5774647887323944,2017-18,regular season
CJ Miles,TOR,70,1336,0.7857142857142857,1.7285714285714286,0.6285714285714286,0.15714285714285714,0.5142857142857142,0.028571428571428567,0.08571428571428573,0.07142857142857142,0.08571428571428573,2017-18,regular season
Gorgui Dieng,MIN,79,1333,0.8987341772151899,2.2151898734177213,0.4810126582278481,0.4177215189873418,0.27848101265822783,0.10126582278481013,0.10126582278481013,0.08860759493670886,0.3291139240506329,2017-18,regular season
Andrew Harrison,MEM,56,1326,3.1607142857142856,7.4107142857142865,2.071428571428572,1.0892857142857142,1.0178571428571428,0.32142857142857145,0.7321428571428571,0.25,0.8392857142857143,2017-18,regular season
Manu Ginobili,SAS,65,1299,2.507692307692308,5.7384615384615385,1.7846153846153847,0.7230769230769231,1.2,0.3538461538461539,0.2307692307692308,0.2153846153846154,0.5076923076923077,2017-18,regular season
Montrezl Harrell,LAC,76,1293,0.9736842105263158,2.236842105263158,0.6842105263157895,0.2894736842105263,0.3947368421052632,0.14473684210526316,0.14473684210526316,0.07894736842105263,0.21052631578947367,2017-18,regular season
Patrick Patterson,OKC,82,1270,0.6951219512195121,1.8414634146341464,0.24390243902439024,0.451219512195122,0.18292682926829268,0.012195121951219513,0.04878048780487805,0.08536585365853659,0.36585365853658536,2017-18,regular season
Maurice Harkless,POR,59,1264,0.8983050847457628,2.2203389830508478,0.4745762711864407,0.42372881355932196,0.2711864406779661,0.1016949152542373,0.1016949152542373,0.11864406779661014,0.3050847457627119,2017-18,regular season
Emmanuel Mudiay,NYK,64,1244,3.21875,7.578125,2.078125,1.140625,1.265625,0.421875,0.390625,0.359375,0.78125,2017-18,regular season
Skal Labissiere,SAC,60,1240,1.2,2.95,0.65,0.55,0.26666666666666666,0.08333333333333333,0.3,0.13333333333333333,0.4166666666666667,2017-18,regular season
Thon Maker,MIL,74,1238,0.6216216216216216,1.4054054054054057,0.4594594594594595,0.16216216216216214,0.3783783783783784,0.0,0.08108108108108109,0.054054054054054064,0.10810810810810813,2017-18,regular season
D'Angelo Russell,BKN,48,1234,5.1875,12.395833333333336,3.1666666666666665,2.020833333333333,2.5416666666666665,0.3958333333333333,0.22916666666666666,0.3958333333333333,1.625,2017-18,regular season
Rudy Gay,SAS,57,1231,1.2807017543859651,3.0526315789473686,0.7894736842105263,0.4912280701754386,0.5614035087719298,0.15789473684210525,0.07017543859649122,0.14035087719298245,0.3508771929824561,2017-18,regular season
Corey Brewer,OKC,72,1208,0.9027777777777778,2.0972222222222223,0.6111111111111112,0.2916666666666667,0.4583333333333333,0.05555555555555555,0.09722222222222222,0.04166666666666666,0.25,2017-18,regular season
Maxi Kleber,DAL,72,1206,0.7083333333333334,1.8472222222222223,0.2777777777777778,0.4305555555555556,0.1111111111111111,0.05555555555555555,0.1111111111111111,0.06944444444444445,0.3611111111111111,2017-18,regular season
Joe Johnson,HOU,55,1205,1.509090909090909,3.8181818181818175,0.7090909090909091,0.8,0.5818181818181818,0.03636363636363636,0.09090909090909093,0.3636363636363637,0.4363636363636363,2017-18,regular season
Reggie Jackson,DET,45,1201,5.288888888888889,12.933333333333335,2.933333333333333,2.355555555555556,1.9555555555555555,0.4888888888888889,0.4888888888888889,0.7111111111111111,1.6444444444444444,2017-18,regular season
Amir Johnson,PHI,74,1170,1.5945945945945943,3.635135135135135,1.148648648648649,0.4459459459459459,0.5945945945945946,0.12162162162162166,0.4324324324324325,0.027027027027027032,0.4189189189189189,2017-18,regular season
Isaiah Taylor,ATL,67,1167,3.074626865671642,7.791044776119403,1.4328358208955223,1.6417910447761197,0.8656716417910447,0.26865671641791045,0.29850746268656714,0.41791044776119396,1.2238805970149254,2017-18,regular season
Trevor Booker,IND,68,1158,1.2058823529411764,3.0882352941176467,0.5294117647058824,0.6764705882352942,0.2647058823529412,0.1176470588235294,0.14705882352941174,0.1323529411764706,0.5441176470588235,2017-18,regular season
Sindarius Thornwell,LAC,73,1156,0.9315068493150684,2.041095890410959,0.7534246575342466,0.1780821917808219,0.589041095890411,0.0547945205479452,0.1095890410958904,0.0273972602739726,0.1506849315068493,2017-18,regular season
Tyson Chandler,PHX,46,1151,1.1521739130434785,2.4782608695652173,0.9782608695652174,0.17391304347826084,0.3695652173913043,0.2608695652173913,0.3478260869565217,0.021739130434782608,0.15217391304347827,2017-18,regular season
Semi Ojeleye,BOS,73,1150,0.273972602739726,0.6438356164383562,0.1780821917808219,0.0958904109589041,0.0958904109589041,0.0136986301369863,0.0684931506849315,0.0,0.0958904109589041,2017-18,regular season
Royce O'Neale,UTA,69,1149,1.3768115942028984,3.3043478260869565,0.8260869565217391,0.5507246376811594,0.5507246376811594,0.13043478260869565,0.14492753623188406,0.2753623188405797,0.2753623188405797,2017-18,regular season
Ian Mahinmi,WAS,77,1145,0.6883116883116883,1.5584415584415583,0.5064935064935064,0.18181818181818185,0.2727272727272727,0.09090909090909093,0.14285714285714285,0.025974025974025976,0.15584415584415584,2017-18,regular season
Paul Millsap,DEN,38,1144,2.763157894736842,6.842105263157895,1.4473684210526316,1.3157894736842106,0.9473684210526316,0.2894736842105263,0.21052631578947367,0.2894736842105263,1.0263157894736843,2017-18,regular season
Alex Abrines,OKC,75,1134,0.37333333333333335,0.88,0.24,0.13333333333333333,0.14666666666666667,0.06666666666666668,0.02666666666666667,0.04,0.09333333333333334,2017-18,regular season
Milos Teodosic,LAC,45,1134,4.644444444444446,10.644444444444442,3.2888888888888888,1.3555555555555556,2.6,0.4666666666666667,0.2222222222222222,0.3555555555555556,1.0,2017-18,regular season
Jonas Jerebko,UTA,74,1134,0.5675675675675675,1.4054054054054057,0.2972972972972973,0.2702702702702703,0.16216216216216214,0.08108108108108109,0.054054054054054064,0.027027027027027032,0.2432432432432433,2017-18,regular season
Shaun Livingston,GSW,71,1129,1.971830985915493,4.549295774647887,1.3661971830985915,0.6056338028169014,0.6619718309859155,0.29577464788732394,0.4084507042253521,0.11267605633802814,0.4929577464788733,2017-18,regular season
Jodie Meeks,WAS,77,1119,0.9090909090909092,2.051948051948052,0.6753246753246753,0.23376623376623376,0.2857142857142857,0.2077922077922078,0.18181818181818185,0.05194805194805195,0.18181818181818185,2017-18,regular season
Tyler Zeller,MIL,66,1113,0.7121212121212122,1.7878787878787878,0.3484848484848485,0.3636363636363637,0.21212121212121213,0.09090909090909093,0.045454545454545456,0.07575757575757576,0.2878787878787879,2017-18,regular season
Ben McLemore,MEM,56,1091,0.9107142857142856,2.125,0.6071428571428571,0.3035714285714285,0.26785714285714285,0.17857142857142858,0.16071428571428573,0.05357142857142857,0.25,2017-18,regular season
Davis Bertans,SAS,77,1086,0.9610389610389609,2.2857142857142856,0.5974025974025974,0.3636363636363637,0.35064935064935066,0.12987012987012986,0.11688311688311688,0.15584415584415584,0.2077922077922078,2017-18,regular season
Tristan Thompson,CLE,53,1072,0.6226415094339622,1.4528301886792452,0.4150943396226415,0.2075471698113208,0.16981132075471694,0.11320754716981132,0.1320754716981132,0.05660377358490566,0.1509433962264151,2017-18,regular season
Tony Parker,SAS,55,1071,3.5454545454545454,8.418181818181818,2.2181818181818183,1.3272727272727274,1.018181818181818,0.4545454545454545,0.7454545454545455,0.4727272727272727,0.8545454545454545,2017-18,regular season
Norman Powell,TOR,70,1061,1.2714285714285714,3.1142857142857143,0.7,0.5714285714285714,0.4714285714285714,0.1,0.12857142857142856,0.2,0.37142857142857133,2017-18,regular season
Mike Muscala,ATL,53,1060,0.9622641509433962,2.452830188679245,0.4339622641509434,0.5283018867924528,0.2641509433962264,0.07547169811320754,0.09433962264150944,0.1320754716981132,0.3962264150943397,2017-18,regular season
Alec Burks,UTA,64,1059,1.046875,2.5,0.640625,0.40625,0.4375,0.0625,0.140625,0.171875,0.234375,2017-18,regular season
Treveon Graham,CHA,63,1050,0.9365079365079364,2.2063492063492065,0.6031746031746031,0.3333333333333333,0.31746031746031744,0.1746031746031746,0.1111111111111111,0.12698412698412698,0.20634920634920634,2017-18,regular season
Zach Collins,POR,66,1046,0.7878787878787878,1.893939393939394,0.4696969696969697,0.3181818181818182,0.2272727272727273,0.15151515151515152,0.09090909090909093,0.09090909090909093,0.2272727272727273,2017-18,regular season
Greg Monroe,BOS,51,1041,2.235294117647059,5.215686274509804,1.4901960784313726,0.7450980392156863,1.0784313725490196,0.1568627450980392,0.2549019607843137,0.1568627450980392,0.5882352941176471,2017-18,regular season
Andre Roberson,OKC,39,1037,1.1794871794871795,2.743589743589744,0.7948717948717948,0.38461538461538464,0.4871794871794872,0.15384615384615385,0.15384615384615385,0.1282051282051282,0.2564102564102564,2017-18,regular season
Vince Carter,SAC,58,1026,1.1896551724137931,2.7931034482758617,0.7758620689655172,0.4137931034482759,0.5,0.15517241379310345,0.1206896551724138,0.08620689655172414,0.3275862068965517,2017-18,regular season
Wes Iwundu,ORL,62,1020,0.9193548387096774,2.225806451612903,0.532258064516129,0.3870967741935484,0.3709677419354839,0.06451612903225806,0.0967741935483871,0.03225806451612903,0.3548387096774194,2017-18,regular season
Malcolm Delaney,ATL,54,1014,3.0185185185185186,7.296296296296298,1.7592592592592593,1.2592592592592593,0.9074074074074074,0.4259259259259259,0.4259259259259259,0.6111111111111112,0.6481481481481481,2017-18,regular season
Jameer Nelson,DET,50,1013,3.58,8.66,2.08,1.5,1.32,0.38,0.38,0.42,1.08,2017-18,regular season
David West,GSW,73,999,1.8904109589041096,4.205479452054795,1.4657534246575343,0.4246575342465753,0.8767123287671232,0.3287671232876712,0.2602739726027397,0.136986301369863,0.2876712328767123,2017-18,regular season
Frank Mason,SAC,52,984,2.8269230769230766,6.653846153846153,1.8269230769230769,1.0,0.903846153846154,0.4230769230769231,0.5,0.40384615384615385,0.5961538461538461,2017-18,regular season
Josh Huestis,OKC,69,981,0.2898550724637681,0.7536231884057971,0.11594202898550725,0.17391304347826084,0.07246376811594203,0.014492753623188406,0.028985507246376805,0.043478260869565216,0.13043478260869565,2017-18,regular season
Cristiano Felicio,CHI,55,977,1.0,2.4363636363636365,0.5636363636363636,0.4363636363636363,0.34545454545454546,0.10909090909090907,0.10909090909090907,0.09090909090909093,0.34545454545454546,2017-18,regular season
Tyler Dorsey,ATL,56,974,1.4107142857142858,3.3928571428571432,0.8392857142857143,0.5714285714285714,0.32142857142857145,0.3035714285714285,0.21428571428571427,0.17857142857142858,0.3928571428571429,2017-18,regular season
Zaza Pachulia,GSW,69,972,1.579710144927536,3.8260869565217392,0.9130434782608696,0.6666666666666666,0.4927536231884058,0.14492753623188406,0.2753623188405797,0.10144927536231883,0.5652173913043478,2017-18,regular season
Patrick McCaw,GSW,57,961,1.4210526315789471,3.4035087719298245,0.8596491228070176,0.5614035087719298,0.4035087719298245,0.19298245614035087,0.2631578947368421,0.12280701754385966,0.43859649122807015,2017-18,regular season
Deyonta Davis,MEM,62,943,0.6451612903225806,1.6129032258064515,0.3225806451612903,0.3225806451612903,0.16129032258064516,0.03225806451612903,0.12903225806451613,0.03225806451612903,0.2903225806451613,2017-18,regular season
Daniel Theis,BOS,63,936,0.8888888888888888,2.238095238095238,0.42857142857142855,0.4603174603174603,0.2380952380952381,0.1111111111111111,0.07936507936507936,0.07936507936507936,0.3809523809523809,2017-18,regular season
Gerald Green,HOU,41,929,0.6097560975609756,1.5121951219512195,0.3170731707317073,0.2926829268292683,0.2682926829268293,0.04878048780487805,0.0,0.0975609756097561,0.1951219512195122,2017-18,regular season
Jerryd Bayless,PHI,39,925,1.3846153846153846,3.282051282051282,0.8717948717948718,0.5128205128205128,0.38461538461538464,0.2307692307692308,0.2564102564102564,0.10256410256410256,0.41025641025641024,2017-18,regular season
Dion Waiters,MIA,30,918,3.7666666666666666,9.466666666666667,1.8333333333333333,1.9333333333333331,1.3333333333333333,0.2,0.3,0.6333333333333333,1.3,2017-18,regular season
Miles Plumlee,ATL,55,918,0.8181818181818182,1.9090909090909087,0.5454545454545454,0.2727272727272727,0.18181818181818185,0.10909090909090907,0.2545454545454545,0.07272727272727272,0.2,2017-18,regular season
Jose Calderon,CLE,57,914,2.0526315789473686,4.8771929824561395,1.2807017543859651,0.7719298245614035,0.9649122807017544,0.21052631578947367,0.10526315789473684,0.2280701754385965,0.543859649122807,2017-18,regular season
Kevon Looney,GSW,66,910,0.6363636363636364,1.5151515151515151,0.3939393939393939,0.24242424242424246,0.2272727272727273,0.060606060606060615,0.10606060606060606,0.045454545454545456,0.19696969696969696,2017-18,regular season
Sam Dekker,LAC,73,883,0.5205479452054794,1.1506849315068493,0.410958904109589,0.1095890410958904,0.3150684931506849,0.0684931506849315,0.0273972602739726,0.0410958904109589,0.0684931506849315,2017-18,regular season
Noah Vonleh,CHI,54,876,0.6296296296296297,1.5185185185185186,0.3703703703703704,0.25925925925925924,0.2037037037037037,0.07407407407407407,0.0925925925925926,0.0,0.25925925925925924,2017-18,regular season
Langston Galloway,DET,58,863,1.0,2.4827586206896552,0.5172413793103449,0.4827586206896552,0.3275862068965517,0.10344827586206896,0.08620689655172414,0.08620689655172414,0.3965517241379311,2017-18,regular season
Isaiah Thomas,LAL,32,862,4.78125,11.25,3.09375,1.6875,2.40625,0.40625,0.28125,0.53125,1.15625,2017-18,regular season
Malik Monk,CHA,63,853,1.4444444444444444,3.1904761904761907,1.1428571428571428,0.3015873015873016,0.6349206349206349,0.3492063492063492,0.15873015873015872,0.07936507936507936,0.2222222222222222,2017-18,regular season
Tyrone Wallace,LAC,30,851,2.3666666666666667,5.3,1.8,0.5666666666666667,1.3666666666666667,0.3333333333333333,0.1,0.2,0.36666666666666653,2017-18,regular season
Tim Frazier,WAS,59,838,3.2881355932203387,7.7457627118644075,2.1186440677966103,1.1694915254237288,0.9322033898305084,0.4915254237288136,0.6949152542372882,0.23728813559322035,0.9322033898305084,2017-18,regular season
Michael Carter-Williams,CHA,52,835,2.230769230769231,5.307692307692308,1.3846153846153846,0.8461538461538461,0.75,0.3076923076923077,0.3269230769230769,0.19230769230769232,0.6538461538461539,2017-18,regular season
Paul Zipser,CHI,54,824,0.8518518518518519,2.1296296296296298,0.4259259259259259,0.4259259259259259,0.24074074074074076,0.0925925925925926,0.0925925925925926,0.2222222222222222,0.2037037037037037,2017-18,regular season
Jason Terry,MIL,51,814,1.156862745098039,2.6666666666666665,0.8039215686274509,0.35294117647058826,0.5098039215686274,0.17647058823529413,0.1176470588235294,0.13725490196078433,0.21568627450980396,2017-18,regular season
Ekpe Udoh,UTA,63,810,0.8412698412698413,2.1111111111111107,0.4126984126984127,0.42857142857142855,0.2380952380952381,0.06349206349206349,0.1111111111111111,0.14285714285714285,0.2857142857142857,2017-18,regular season
Jordan Bell,GSW,57,809,1.7894736842105263,4.035087719298246,1.3333333333333333,0.456140350877193,0.7017543859649122,0.2631578947368421,0.3684210526315789,0.03508771929824561,0.42105263157894735,2017-18,regular season
Timothe Luwawu-Cabarrot,PHI,52,807,1.0384615384615383,2.3461538461538463,0.7692307692307693,0.2692307692307692,0.5576923076923077,0.1346153846153846,0.07692307692307693,0.0576923076923077,0.21153846153846154,2017-18,regular season
Thabo Sefolosha,UTA,38,806,0.8684210526315791,2.0789473684210527,0.5263157894736842,0.34210526315789475,0.4736842105263158,0.02631578947368421,0.02631578947368421,0.15789473684210525,0.18421052631578946,2017-18,regular season
Eric Moreland,DET,67,805,1.164179104477612,2.776119402985074,0.7164179104477612,0.4477611940298508,0.31343283582089554,0.16417910447761194,0.2388059701492537,0.059701492537313425,0.3880597014925373,2017-18,regular season
Trey Burke,NYK,36,785,4.722222222222221,10.944444444444445,3.2222222222222223,1.5,2.1388888888888893,0.6388888888888888,0.4444444444444444,0.4722222222222222,1.0277777777777777,2017-18,regular season
Jawun Evans,LAC,48,778,2.083333333333333,4.666666666666667,1.5833333333333333,0.5,1.1666666666666667,0.22916666666666666,0.1875,0.16666666666666666,0.3333333333333333,2017-18,regular season
Sterling Brown,MIL,54,776,0.462962962962963,1.1851851851851851,0.2037037037037037,0.25925925925925924,0.14814814814814814,0.0,0.05555555555555555,0.0925925925925926,0.16666666666666666,2017-18,regular season
Shane Larkin,BOS,54,775,1.8148148148148149,4.314814814814815,1.1296296296296295,0.6851851851851852,0.5370370370370371,0.2037037037037037,0.3888888888888889,0.1111111111111111,0.5740740740740741,2017-18,regular season
Terrance Ferguson,OKC,61,763,0.3114754098360656,0.7540983606557377,0.18032786885245905,0.13114754098360654,0.11475409836065575,0.032786885245901634,0.032786885245901634,0.049180327868852465,0.08196721311475409,2017-18,regular season
Nene ,HOU,52,758,0.8653846153846154,2.269230769230769,0.3269230769230769,0.5384615384615384,0.3076923076923077,0.019230769230769232,0.0,0.15384615384615385,0.38461538461538464,2017-18,regular season
Richaun Holmes,PHI,48,746,1.2708333333333333,2.9791666666666665,0.8333333333333334,0.4375,0.375,0.08333333333333333,0.375,0.02083333333333333,0.4166666666666667,2017-18,regular season
Jabari Parker,MIL,31,743,1.903225806451613,4.290322580645161,1.4193548387096775,0.4838709677419355,0.967741935483871,0.1935483870967742,0.25806451612903225,0.12903225806451613,0.3548387096774194,2017-18,regular season
Omri Casspi,GSW,53,742,0.9622641509433962,2.1698113207547167,0.7169811320754716,0.2452830188679245,0.3584905660377358,0.1509433962264151,0.2075471698113208,0.018867924528301886,0.22641509433962265,2017-18,regular season
Quinn Cook,GSW,33,740,2.696969696969697,6.2727272727272725,1.818181818181818,0.8787878787878788,0.8484848484848485,0.4545454545454545,0.5151515151515151,0.15151515151515152,0.7272727272727273,2017-18,regular season
Salah Mejri,DAL,61,729,0.5737704918032787,1.459016393442623,0.26229508196721313,0.3114754098360656,0.08196721311475409,0.032786885245901634,0.14754098360655735,0.049180327868852465,0.26229508196721313,2017-18,regular season
DeAndre Liggins,NOP,57,724,0.8421052631578947,2.0,0.5263157894736842,0.3157894736842105,0.3508771929824561,0.03508771929824561,0.14035087719298245,0.08771929824561403,0.2280701754385965,2017-18,regular season
Luke Babbitt,MIA,50,715,0.62,1.6,0.26,0.36,0.14,0.06,0.06,0.14,0.22,2017-18,regular season
Dwayne Bacon,CHA,53,713,0.7169811320754716,1.8679245283018868,0.2830188679245283,0.4339622641509434,0.22641509433962265,0.03773584905660377,0.018867924528301886,0.07547169811320754,0.3584905660377358,2017-18,regular season
Matthew Dellavedova,MIL,38,713,3.8157894736842106,8.710526315789473,2.736842105263158,1.0789473684210529,2.026315789473684,0.42105263157894735,0.2894736842105263,0.34210526315789475,0.7368421052631579,2017-18,regular season
C.J. Williams,LAC,38,706,1.131578947368421,2.5526315789473686,0.8421052631578947,0.2894736842105263,0.5263157894736842,0.15789473684210525,0.15789473684210525,0.07894736842105263,0.21052631578947367,2017-18,regular season
Channing Frye,LAL,53,695,0.7169811320754716,1.8113207547169807,0.33962264150943394,0.37735849056603776,0.3018867924528302,0.018867924528301886,0.018867924528301886,0.09433962264150944,0.2830188679245283,2017-18,regular season
Chandler Parsons,MEM,36,691,1.9166666666666667,4.4444444444444455,1.3055555555555556,0.6111111111111112,0.9166666666666666,0.19444444444444445,0.19444444444444445,0.08333333333333333,0.5277777777777778,2017-18,regular season
Wayne Selden,MEM,35,691,1.8857142857142857,4.2,1.457142857142857,0.42857142857142855,0.9428571428571428,0.17142857142857146,0.3428571428571429,0.11428571428571427,0.3142857142857143,2017-18,regular season
Mike James,NOP,36,686,3.5,8.416666666666666,2.083333333333333,1.4166666666666667,1.4444444444444444,0.3333333333333333,0.3055555555555556,0.3888888888888889,1.0277777777777777,2017-18,regular season
Jared Dudley,PHX,48,686,1.625,3.7916666666666665,1.0833333333333333,0.5416666666666666,0.7708333333333334,0.14583333333333334,0.16666666666666666,0.14583333333333334,0.3958333333333333,2017-18,regular season
Tyler Ennis,LAL,54,683,1.9444444444444444,4.611111111111111,1.2222222222222223,0.7222222222222222,0.7222222222222222,0.2222222222222222,0.2777777777777778,0.1851851851851852,0.5370370370370371,2017-18,regular season
Arron Afflalo,ORL,53,682,0.5660377358490566,1.4339622641509433,0.2641509433962264,0.3018867924528302,0.16981132075471694,0.03773584905660377,0.05660377358490566,0.09433962264150944,0.2075471698113208,2017-18,regular season
Marreese Speights,ORL,52,675,0.7692307692307693,1.7884615384615383,0.5192307692307693,0.25,0.38461538461538464,0.0576923076923077,0.07692307692307693,0.07692307692307693,0.17307692307692307,2017-18,regular season
Cedi Osman,CLE,61,672,0.6721311475409836,1.639344262295082,0.3770491803278688,0.29508196721311475,0.2786885245901639,0.06557377049180327,0.032786885245901634,0.09836065573770493,0.19672131147540986,2017-18,regular season
Danilo Gallinari,LAC,21,671,1.9523809523809523,4.476190476190476,1.380952380952381,0.5714285714285714,1.0,0.19047619047619047,0.19047619047619047,0.2380952380952381,0.3333333333333333,2017-18,regular season
Zach LaVine,CHI,24,656,3.0,7.041666666666668,1.9583333333333333,1.0416666666666667,1.1666666666666667,0.6666666666666666,0.125,0.3333333333333333,0.7083333333333334,2017-18,regular season
Kobi Simmons,MEM,32,643,2.125,5.03125,1.34375,0.78125,0.78125,0.15625,0.40625,0.21875,0.5625,2017-18,regular season
Sean Kilpatrick,CHI,52,640,0.8846153846153846,2.230769230769231,0.4230769230769231,0.4615384615384616,0.25,0.09615384615384616,0.07692307692307693,0.19230769230769232,0.2692307692307692,2017-18,regular season
Torrey Craig,DEN,39,629,0.6410256410256411,1.5128205128205128,0.41025641025641024,0.2307692307692308,0.2564102564102564,0.10256410256410256,0.05128205128205128,0.02564102564102564,0.20512820512820512,2017-18,regular season
Cody Zeller,CHA,33,627,0.9393939393939394,2.272727272727273,0.5454545454545454,0.3939393939393939,0.24242424242424246,0.15151515151515152,0.15151515151515152,0.060606060606060615,0.3333333333333333,2017-18,regular season
JaVale McGee,GSW,65,616,0.5076923076923077,1.1846153846153846,0.3384615384615385,0.16923076923076924,0.13846153846153847,0.061538461538461535,0.13846153846153847,0.030769230769230767,0.13846153846153847,2017-18,regular season
Terrence Ross,ORL,24,600,1.5833333333333333,3.7083333333333335,1.0416666666666667,0.5416666666666666,0.625,0.2916666666666667,0.125,0.125,0.4166666666666667,2017-18,regular season
Malik Beasley,DEN,62,583,0.5,1.2741935483870968,0.2258064516129032,0.27419354838709675,0.20967741935483872,0.016129032258064516,0.0,0.06451612903225806,0.20967741935483872,2017-18,regular season
Cameron Payne,CHI,25,582,4.52,11.12,2.44,2.08,1.88,0.24,0.32,0.36,1.72,2017-18,regular season
Cheick Diallo,NOP,52,581,0.36538461538461536,0.8653846153846154,0.2307692307692308,0.1346153846153846,0.1346153846153846,0.07692307692307693,0.019230769230769232,0.019230769230769232,0.1153846153846154,2017-18,regular season
Khem Birch,ORL,42,578,0.8095238095238095,1.9523809523809523,0.4761904761904762,0.3333333333333333,0.19047619047619047,0.16666666666666666,0.11904761904761905,0.0,0.3333333333333333,2017-18,regular season
Brandon Paul,SAS,64,576,0.578125,1.375,0.359375,0.21875,0.203125,0.0625,0.09375,0.09375,0.125,2017-18,regular season
Alex Caruso,LAL,37,562,2.0270270270270268,4.729729729729731,1.351351351351351,0.6756756756756757,1.0810810810810811,0.1891891891891892,0.08108108108108109,0.10810810810810813,0.5675675675675675,2017-18,regular season
Joe Young,IND,53,558,0.7358490566037735,1.7169811320754718,0.490566037735849,0.2452830188679245,0.3018867924528302,0.1509433962264151,0.03773584905660377,0.11320754716981132,0.1320754716981132,2017-18,regular season
Tarik Black,HOU,51,536,0.2549019607843137,0.6274509803921569,0.13725490196078433,0.1176470588235294,0.0784313725490196,0.0392156862745098,0.0196078431372549,0.0196078431372549,0.09803921568627452,2017-18,regular season
Jonathan Isaac,ORL,27,535,0.6666666666666666,1.6296296296296295,0.3703703703703704,0.2962962962962963,0.1111111111111111,0.1851851851851852,0.07407407407407407,0.07407407407407407,0.2222222222222222,2017-18,regular season
Joffrey Lauvergne,SAS,55,534,0.7454545454545455,1.690909090909091,0.5454545454545454,0.2,0.3272727272727273,0.12727272727272726,0.09090909090909093,0.09090909090909093,0.10909090909090907,2017-18,regular season
Nik Stauskas,BKN,41,523,0.951219512195122,2.3170731707317067,0.5365853658536586,0.4146341463414634,0.3170731707317073,0.12195121951219512,0.0975609756097561,0.17073170731707318,0.24390243902439024,2017-18,regular season
Abdel Nader,BOS,48,522,0.5416666666666666,1.3125,0.3125,0.22916666666666666,0.16666666666666666,0.0625,0.08333333333333333,0.08333333333333333,0.14583333333333334,2017-18,regular season
Justin Anderson,PHI,38,519,0.6578947368421053,1.5263157894736843,0.4473684210526316,0.21052631578947367,0.34210526315789475,0.02631578947368421,0.07894736842105263,0.02631578947368421,0.18421052631578946,2017-18,regular season
Tyler Cavanaugh,ATL,39,518,0.6923076923076923,1.7692307692307692,0.3076923076923077,0.38461538461538464,0.10256410256410256,0.02564102564102564,0.1794871794871795,0.07692307692307693,0.3076923076923077,2017-18,regular season
Ivan Rabb,MEM,36,516,0.8888888888888888,1.9722222222222223,0.6944444444444444,0.19444444444444445,0.4444444444444444,0.027777777777777776,0.2222222222222222,0.027777777777777776,0.16666666666666666,2017-18,regular season
Raul Neto,UTA,41,498,1.8292682926829267,4.512195121951219,0.975609756097561,0.8536585365853658,0.6341463414634146,0.14634146341463414,0.1951219512195122,0.3170731707317073,0.5365853658536586,2017-18,regular season
Willy Hernangomez,CHA,48,494,0.6875,1.6875,0.375,0.3125,0.14583333333333334,0.10416666666666667,0.125,0.08333333333333333,0.22916666666666666,2017-18,regular season
Al Jefferson,IND,36,484,0.8333333333333334,1.8888888888888888,0.6111111111111112,0.2222222222222222,0.25,0.1388888888888889,0.2222222222222222,0.1111111111111111,0.1111111111111111,2017-18,regular season
Kyle Collinsworth,DAL,32,480,1.75,4.125,1.125,0.625,0.71875,0.1875,0.21875,0.1875,0.4375,2017-18,regular season
Damyean Dotson,NYK,44,474,0.7045454545454546,1.6363636363636365,0.4772727272727273,0.2272727272727273,0.3636363636363637,0.09090909090909093,0.022727272727272728,0.022727272727272728,0.20454545454545456,2017-18,regular season
Nerlens Noel,DAL,29,472,0.6896551724137931,1.5862068965517242,0.4827586206896552,0.20689655172413796,0.2413793103448276,0.13793103448275862,0.10344827586206896,0.03448275862068965,0.1724137931034483,2017-18,regular season
Kenneth Faried,DEN,32,461,0.5625,1.3125,0.375,0.1875,0.21875,0.09375,0.0625,0.03125,0.15625,2017-18,regular season
TJ Leaf,IND,53,459,0.16981132075471694,0.4150943396226415,0.09433962264150944,0.07547169811320754,0.018867924528301886,0.03773584905660377,0.03773584905660377,0.018867924528301886,0.05660377358490566,2017-18,regular season
DeAndre' Bembry,ATL,26,455,1.8846153846153848,4.4230769230769225,1.2307692307692308,0.6538461538461539,0.7692307692307693,0.2692307692307692,0.19230769230769232,0.3076923076923077,0.3461538461538461,2017-18,regular season
Dorian Finney-Smith,DAL,21,448,1.238095238095238,3.1428571428571432,0.5714285714285714,0.6666666666666666,0.2857142857142857,0.19047619047619047,0.09523809523809523,0.2380952380952381,0.42857142857142855,2017-18,regular season
Willie Reed,DET,42,428,0.2380952380952381,0.5238095238095238,0.19047619047619047,0.047619047619047616,0.09523809523809523,0.023809523809523808,0.07142857142857142,0.047619047619047616,0.0,2017-18,regular season
Dwight Buycks,DET,29,427,2.034482758620689,4.965517241379311,1.137931034482759,0.8965517241379308,0.5517241379310345,0.4137931034482759,0.1724137931034483,0.3103448275862069,0.5862068965517241,2017-18,regular season
Isaiah Canaan,PHX,20,422,3.8,9.35,2.05,1.75,1.6,0.3,0.15,0.8,0.95,2017-18,regular season
Derrick Rose,MIN,25,419,1.48,3.48,0.96,0.52,0.56,0.2,0.2,0.2,0.32,2017-18,regular season
Shabazz Muhammad,MIL,43,418,0.32558139534883723,0.7906976744186046,0.18604651162790695,0.13953488372093026,0.09302325581395347,0.04651162790697674,0.04651162790697674,0.0,0.13953488372093026,2017-18,regular season
Lucas Nogueira,TOR,49,418,0.4489795918367347,1.1428571428571428,0.20408163265306126,0.24489795918367346,0.16326530612244894,0.0,0.040816326530612235,0.08163265306122447,0.16326530612244894,2017-18,regular season
Ivica Zubac,LAL,43,410,0.5813953488372093,1.3488372093023255,0.3953488372093023,0.18604651162790695,0.16279069767441862,0.11627906976744184,0.11627906976744184,0.0,0.18604651162790695,2017-18,regular season
Damion Lee,ATL,15,404,1.9333333333333331,4.733333333333333,1.0666666666666669,0.8666666666666667,0.7333333333333333,0.3333333333333333,0.0,0.06666666666666668,0.8,2017-18,regular season
Danuel House Jr.,PHX,23,403,1.0869565217391304,2.652173913043478,0.6086956521739131,0.4782608695652174,0.4782608695652174,0.043478260869565216,0.08695652173913042,0.043478260869565216,0.43478260869565216,2017-18,regular season
Ramon Sessions,WAS,28,393,2.75,6.4642857142857135,1.7857142857142858,0.9642857142857144,0.8214285714285714,0.7142857142857143,0.25,0.21428571428571427,0.75,2017-18,regular season
Ron Baker,NYK,29,385,1.6206896551724137,3.5862068965517233,1.2758620689655171,0.3448275862068966,0.9310344827586208,0.2413793103448276,0.10344827586206896,0.06896551724137931,0.27586206896551724,2017-18,regular season
Shaquille Harrison,PHX,23,384,2.391304347826087,5.826086956521738,1.3478260869565215,1.0434782608695652,0.9565217391304348,0.21739130434782608,0.17391304347826084,0.17391304347826084,0.8695652173913043,2017-18,regular season
Brandan Wright,HOU,28,381,0.4642857142857143,1.1071428571428572,0.2857142857142857,0.17857142857142858,0.10714285714285714,0.07142857142857142,0.10714285714285714,0.03571428571428571,0.14285714285714285,2017-18,regular season
Johnny O'Bryant III,CHA,36,379,0.3888888888888889,0.9722222222222222,0.19444444444444445,0.19444444444444445,0.1388888888888889,0.027777777777777776,0.027777777777777776,0.05555555555555555,0.1388888888888889,2017-18,regular season
Myke Henry,MEM,20,378,1.1,2.55,0.75,0.35,0.35,0.25,0.15,0.15,0.2,2017-18,regular season
Mike Conley,MEM,12,373,4.083333333333333,10.0,2.25,1.8333333333333333,1.4166666666666667,0.5,0.3333333333333333,0.5,1.3333333333333333,2017-18,regular season
Timofey Mozgov,BKN,31,359,0.3548387096774194,0.8709677419354839,0.1935483870967742,0.16129032258064516,0.06451612903225806,0.12903225806451613,0.0,0.06451612903225806,0.0967741935483871,2017-18,regular season
Emeka Okafor,NOP,26,353,0.3076923076923077,0.8461538461538461,0.07692307692307693,0.2307692307692308,0.0,0.038461538461538464,0.038461538461538464,0.0,0.2307692307692308,2017-18,regular season
Jahlil Okafor,BKN,28,353,0.42857142857142855,1.1785714285714286,0.10714285714285714,0.32142857142857145,0.07142857142857142,0.0,0.03571428571428571,0.03571428571428571,0.2857142857142857,2017-18,regular season
JaKarr Sampson,SAC,22,344,0.4090909090909091,1.0,0.2272727272727273,0.18181818181818185,0.045454545454545456,0.13636363636363635,0.045454545454545456,0.0,0.18181818181818185,2017-18,regular season
Boban Marjanovic,LAC,37,338,0.5945945945945946,1.2702702702702702,0.5135135135135135,0.08108108108108109,0.35135135135135137,0.08108108108108109,0.08108108108108109,0.027027027027027032,0.054054054054054064,2017-18,regular season
Glenn Robinson III,IND,23,338,0.7391304347826086,1.608695652173913,0.6086956521739131,0.13043478260869565,0.3478260869565217,0.17391304347826084,0.08695652173913042,0.0,0.13043478260869565,2017-18,regular season
Patrick Beverley,LAC,11,334,2.9090909090909087,6.636363636363638,2.090909090909091,0.8181818181818182,1.0909090909090908,0.4545454545454545,0.5454545454545454,0.2727272727272727,0.5454545454545454,2017-18,regular season
Henry Ellenson,DET,38,329,0.5263157894736842,1.4210526315789471,0.15789473684210525,0.3684210526315789,0.10526315789473684,0.02631578947368421,0.02631578947368421,0.07894736842105263,0.2894736842105263,2017-18,regular season
Luke Kornet,NYK,20,326,1.3,3.0,0.9,0.4,0.55,0.1,0.25,0.0,0.4,2017-18,regular season
Malachi Richardson,TOR,26,323,0.5,1.1538461538461535,0.3461538461538461,0.15384615384615385,0.2692307692307692,0.0,0.07692307692307693,0.07692307692307693,0.07692307692307693,2017-18,regular season
Antonio Blakeney,CHI,19,314,1.0526315789473684,2.5789473684210527,0.5789473684210527,0.4736842105263158,0.42105263157894735,0.0,0.15789473684210525,0.10526315789473684,0.3684210526315789,2017-18,regular season
Troy Williams,NYK,21,307,0.7619047619047619,1.761904761904762,0.5238095238095238,0.2380952380952381,0.2380952380952381,0.0,0.2857142857142857,0.047619047619047616,0.19047619047619047,2017-18,regular season
Ryan Arcidiacono,CHI,24,304,1.4583333333333333,3.5416666666666665,0.8333333333333334,0.625,0.7083333333333334,0.04166666666666666,0.08333333333333333,0.08333333333333333,0.5416666666666666,2017-18,regular season
Rodney McGruder,MIA,18,299,0.9444444444444444,2.333333333333333,0.5,0.4444444444444444,0.3333333333333333,0.05555555555555555,0.1111111111111111,0.1111111111111111,0.3333333333333333,2017-18,regular season
Rodney Purvis,ORL,16,290,1.0625,2.5,0.6875,0.375,0.5625,0.125,0.0,0.125,0.25,2017-18,regular season
Jason Smith,WAS,33,285,0.42424242424242425,1.0606060606060606,0.21212121212121213,0.21212121212121213,0.15151515151515152,0.0,0.060606060606060615,0.030303030303030307,0.18181818181818185,2017-18,regular season
Jordan Mickey,MIA,23,284,0.39130434782608703,0.9565217391304348,0.21739130434782608,0.17391304347826084,0.043478260869565216,0.043478260869565216,0.13043478260869565,0.0,0.17391304347826084,2017-18,regular season
Jamel Artis,ORL,15,279,1.2,3.1333333333333333,0.4666666666666667,0.7333333333333333,0.3333333333333333,0.13333333333333333,0.0,0.2,0.5333333333333333,2017-18,regular season
Juancho Hernangomez,DEN,25,277,0.48,1.24,0.2,0.28,0.16,0.04,0.0,0.16,0.12,2017-18,regular season
Iman Shumpert,CLE,14,276,1.2142857142857142,3.0,0.6428571428571429,0.5714285714285714,0.35714285714285715,0.07142857142857142,0.21428571428571427,0.0,0.5714285714285714,2017-18,regular season
Jamil Wilson,LAC,15,274,0.6666666666666666,1.6,0.4,0.26666666666666666,0.3333333333333333,0.06666666666666668,0.0,0.06666666666666668,0.2,2017-18,regular season
Tony Allen,NOP,22,272,0.4090909090909091,0.9090909090909092,0.3181818181818182,0.09090909090909093,0.2727272727272727,0.045454545454545456,0.0,0.09090909090909093,0.0,2017-18,regular season
Meyers Leonard,POR,33,254,0.5151515151515151,1.3636363636363635,0.18181818181818185,0.3333333333333333,0.12121212121212123,0.0,0.060606060606060615,0.09090909090909093,0.24242424242424246,2017-18,regular season
Markelle Fultz,PHI,14,253,3.7857142857142856,9.214285714285714,2.142857142857143,1.6428571428571428,1.4285714285714286,0.42857142857142855,0.2857142857142857,0.5,1.1428571428571428,2017-18,regular season
Derrick Jones Jr.,MIA,20,245,0.45,1.1,0.25,0.2,0.15,0.0,0.1,0.15,0.05,2017-18,regular season
Davon Reed,PHX,21,242,0.6190476190476191,1.4761904761904765,0.3809523809523809,0.2380952380952381,0.2857142857142857,0.047619047619047616,0.047619047619047616,0.0,0.2380952380952381,2017-18,regular season
Isaiah Hicks,NYK,18,239,0.8888888888888888,2.333333333333333,0.3333333333333333,0.5555555555555556,0.05555555555555555,0.16666666666666666,0.1111111111111111,0.1111111111111111,0.4444444444444444,2017-18,regular season
Briante Weber,MEM,18,237,1.2222222222222223,3.111111111111111,0.5555555555555556,0.6666666666666666,0.3888888888888889,0.05555555555555555,0.1111111111111111,0.16666666666666666,0.5,2017-18,regular season
Guerschon Yabusele,BOS,33,235,0.4848484848484849,1.2424242424242424,0.21212121212121213,0.2727272727272727,0.15151515151515152,0.060606060606060615,0.0,0.09090909090909093,0.18181818181818185,2017-18,regular season
Dante Exum,UTA,14,235,3.071428571428572,7.142857142857142,2.071428571428572,1.0,1.2857142857142858,0.42857142857142855,0.35714285714285715,0.14285714285714285,0.8571428571428571,2017-18,regular season
Aaron Harrison,DAL,9,233,1.2222222222222223,3.2222222222222223,0.4444444444444444,0.7777777777777778,0.2222222222222222,0.2222222222222222,0.0,0.1111111111111111,0.6666666666666666,2017-18,regular season
Travis Wear,LAL,17,228,0.4117647058823529,1.1176470588235294,0.1176470588235294,0.29411764705882354,0.05882352941176471,0.05882352941176471,0.0,0.0,0.29411764705882354,2017-18,regular season
Alec Peters,PHX,20,225,0.6,1.45,0.35,0.25,0.25,0.1,0.0,0.05,0.2,2017-18,regular season
Marcus Georges-Hunt,MIN,42,224,0.16666666666666666,0.42857142857142855,0.07142857142857142,0.09523809523809523,0.047619047619047616,0.0,0.023809523809523808,0.047619047619047616,0.047619047619047616,2017-18,regular season
Gary Payton II,LAL,23,221,0.9130434782608696,2.217391304347826,0.5217391304347826,0.39130434782608703,0.21739130434782608,0.17391304347826084,0.13043478260869565,0.08695652173913042,0.3043478260869565,2017-18,regular season
Andrew Bogut,LAL,23,216,0.6521739130434783,1.5217391304347827,0.43478260869565216,0.21739130434782608,0.3043478260869565,0.08695652173913042,0.043478260869565216,0.0,0.21739130434782608,2017-18,regular season
Josh Magette,ATL,18,216,3.1666666666666665,7.5555555555555545,1.9444444444444444,1.2222222222222223,1.3888888888888888,0.2777777777777778,0.2777777777777778,0.2777777777777778,0.9444444444444444,2017-18,regular season
Ante Zizic,CLE,32,214,0.15625,0.375,0.09375,0.0625,0.03125,0.0,0.0625,0.03125,0.03125,2017-18,regular season
Rashad Vaughn,ORL,28,212,0.4642857142857143,1.0714285714285714,0.32142857142857145,0.14285714285714285,0.17857142857142858,0.10714285714285714,0.03571428571428571,0.03571428571428571,0.10714285714285714,2017-18,regular season
Kawhi Leonard,SAS,9,210,2.333333333333333,5.4444444444444455,1.5555555555555556,0.7777777777777778,0.5555555555555556,0.5555555555555556,0.4444444444444444,0.4444444444444444,0.3333333333333333,2017-18,regular season
Andrew White III,ATL,15,209,0.4,1.0666666666666669,0.13333333333333333,0.26666666666666666,0.06666666666666668,0.0,0.06666666666666668,0.13333333333333333,0.13333333333333333,2017-18,regular season
Brandon Jennings,MIL,14,205,3.1428571428571432,6.642857142857142,2.7857142857142856,0.35714285714285715,1.7142857142857142,0.8571428571428571,0.21428571428571427,0.14285714285714285,0.21428571428571427,2017-18,regular season
Quincy Pondexter,CHI,23,196,0.39130434782608703,1.0,0.17391304347826084,0.21739130434782608,0.13043478260869565,0.0,0.043478260869565216,0.13043478260869565,0.08695652173913042,2017-18,regular season
MarShon Brooks,MEM,7,193,3.571428571428572,8.428571428571429,2.2857142857142856,1.2857142857142858,1.5714285714285714,0.2857142857142857,0.42857142857142855,0.8571428571428571,0.42857142857142855,2017-18,regular season
Aaron Brooks,MIN,32,189,0.625,1.5,0.375,0.25,0.125,0.125,0.125,0.03125,0.21875,2017-18,regular season
Caleb Swanigan,POR,27,189,0.5185185185185185,1.2962962962962965,0.25925925925925924,0.25925925925925924,0.25925925925925924,0.0,0.0,0.037037037037037035,0.2222222222222222,2017-18,regular season
Solomon Hill,NOP,12,187,1.8333333333333333,4.416666666666667,1.0833333333333333,0.75,0.5833333333333334,0.5,0.0,0.3333333333333333,0.4166666666666667,2017-18,regular season
Omer Asik,CHI,18,182,0.16666666666666666,0.3333333333333333,0.16666666666666666,0.0,0.0,0.05555555555555555,0.1111111111111111,0.0,0.0,2017-18,regular season
Jalen Jones,DAL,15,181,0.26666666666666666,0.6666666666666666,0.13333333333333333,0.13333333333333333,0.13333333333333333,0.0,0.0,0.06666666666666668,0.06666666666666668,2017-18,regular season
Isaiah Whitehead,BKN,16,180,1.25,2.8125,0.9375,0.3125,0.8125,0.125,0.0,0.0625,0.25,2017-18,regular season
Johnathan Motley,DAL,11,176,0.6363636363636364,1.4545454545454546,0.4545454545454545,0.18181818181818185,0.2727272727272727,0.18181818181818185,0.0,0.0,0.18181818181818185,2017-18,regular season
Julyan Stone,CHA,23,175,1.1304347826086956,2.6956521739130435,0.6956521739130435,0.43478260869565216,0.4782608695652174,0.08695652173913042,0.13043478260869565,0.08695652173913042,0.3478260869565217,2017-18,regular season
John Holland,CLE,24,174,0.20833333333333331,0.4166666666666667,0.20833333333333331,0.0,0.16666666666666666,0.04166666666666666,0.0,0.0,0.0,2017-18,regular season
Richard Jefferson,DEN,20,163,0.75,1.95,0.3,0.45,0.3,0.0,0.0,0.15,0.3,2017-18,regular season
Dakari Johnson,OKC,31,161,0.25806451612903225,0.6774193548387096,0.0967741935483871,0.16129032258064516,0.06451612903225806,0.0,0.03225806451612903,0.06451612903225806,0.0967741935483871,2017-18,regular season
Jake Layman,POR,34,160,0.3235294117647059,0.8235294117647058,0.14705882352941174,0.17647058823529413,0.029411764705882356,0.029411764705882356,0.08823529411764706,0.05882352941176471,0.1176470588235294,2017-18,regular season
Mirza Teletovic,MIL,10,159,1.0,2.5,0.5,0.5,0.4,0.1,0.0,0.3,0.2,2017-18,regular season
Damien Wilkins,IND,19,152,0.4736842105263158,1.1578947368421053,0.2631578947368421,0.21052631578947367,0.15789473684210525,0.05263157894736842,0.05263157894736842,0.15789473684210525,0.05263157894736842,2017-18,regular season
Derrick Walton Jr.,MIA,16,147,1.0,2.4375,0.5625,0.4375,0.25,0.1875,0.125,0.0625,0.375,2017-18,regular season
Darrell Arthur,DEN,19,141,0.4736842105263158,1.2105263157894737,0.21052631578947367,0.2631578947368421,0.21052631578947367,0.0,0.0,0.0,0.2631578947368421,2017-18,regular season
Kay Felder,DET,16,140,1.25,2.9375,0.8125,0.4375,0.5625,0.1875,0.0625,0.1875,0.25,2017-18,regular season
Derrick White,SAS,17,139,0.5294117647058824,1.1764705882352942,0.4117647058823529,0.1176470588235294,0.35294117647058826,0.05882352941176471,0.0,0.0,0.1176470588235294,2017-18,regular season
Lorenzo Brown,TOR,14,139,0.9285714285714286,2.5,0.2857142857142857,0.6428571428571429,0.21428571428571427,0.07142857142857142,0.0,0.14285714285714285,0.5,2017-18,regular season
Jon Leuer,DET,8,136,0.625,1.25,0.625,0.0,0.25,0.25,0.125,0.0,0.0,2017-18,regular season
Malcolm Miller,TOR,15,126,0.2,0.4666666666666667,0.13333333333333333,0.06666666666666668,0.06666666666666668,0.06666666666666668,0.0,0.0,0.06666666666666668,2017-18,regular season
Milton Doyle,BKN,10,125,1.0,2.4,0.6,0.4,0.6,0.0,0.0,0.0,0.4,2017-18,regular season
Zhou Qi,HOU,18,124,0.1111111111111111,0.2777777777777778,0.05555555555555555,0.05555555555555555,0.05555555555555555,0.0,0.0,0.05555555555555555,0.0,2017-18,regular season
Antonius Cleveland,ATL,17,122,0.1176470588235294,0.29411764705882354,0.05882352941176471,0.05882352941176471,0.05882352941176471,0.0,0.0,0.0,0.05882352941176471,2017-18,regular season
Nigel Hayes,SAC,9,122,0.6666666666666666,1.8888888888888888,0.1111111111111111,0.5555555555555556,0.0,0.0,0.1111111111111111,0.0,0.5555555555555556,2017-18,regular season
Georgios Papagiannis,POR,17,122,0.5294117647058824,1.3529411764705883,0.2352941176470588,0.29411764705882354,0.05882352941176471,0.05882352941176471,0.1176470588235294,0.0,0.29411764705882354,2017-18,regular season
James Webb III,BKN,10,120,0.4,1.1,0.1,0.3,0.1,0.0,0.0,0.2,0.1,2017-18,regular season
Xavier Rathan-Mayes,MEM,5,118,3.6,8.6,2.2,1.4,1.0,0.8,0.4,0.4,1.0,2017-18,regular season
Bobby Brown,HOU,20,115,0.55,1.5,0.15,0.4,0.15,0.0,0.0,0.15,0.25,2017-18,regular season
Jabari Bird,BOS,13,115,0.6153846153846154,1.4615384615384617,0.38461538461538464,0.2307692307692308,0.2307692307692308,0.07692307692307693,0.07692307692307693,0.15384615384615385,0.07692307692307693,2017-18,regular season
Kadeem Allen,BOS,18,107,0.6666666666666666,1.5,0.5,0.16666666666666666,0.3333333333333333,0.05555555555555555,0.1111111111111111,0.1111111111111111,0.05555555555555555,2017-18,regular season
Bruno Caboclo,SAC,12,106,0.3333333333333333,0.75,0.25,0.08333333333333333,0.16666666666666666,0.08333333333333333,0.0,0.0,0.08333333333333333,2017-18,regular season
Alex Poythress,IND,25,104,0.08,0.2,0.04,0.04,0.0,0.04,0.0,0.0,0.04,2017-18,regular season
Jaylen Morris,ATL,6,98,1.1666666666666667,2.6666666666666665,0.8333333333333334,0.3333333333333333,0.5,0.16666666666666666,0.16666666666666666,0.0,0.3333333333333333,2017-18,regular season
Brice Johnson,MEM,18,98,0.1111111111111111,0.2777777777777778,0.05555555555555555,0.05555555555555555,0.05555555555555555,0.0,0.0,0.0,0.05555555555555555,2017-18,regular season
Darrun Hilliard,SAS,14,95,0.7857142857142857,1.9285714285714288,0.42857142857142855,0.35714285714285715,0.2857142857142857,0.14285714285714285,0.0,0.07142857142857142,0.2857142857142857,2017-18,regular season
Chris McCullough,WAS,19,90,0.21052631578947367,0.4736842105263158,0.15789473684210525,0.05263157894736842,0.10526315789473684,0.0,0.05263157894736842,0.0,0.05263157894736842,2017-18,regular season
Damian Jones,GSW,15,89,0.13333333333333333,0.26666666666666666,0.13333333333333333,0.0,0.13333333333333333,0.0,0.0,0.0,0.0,2017-18,regular season
Jack Cooley,SAC,7,87,0.8571428571428571,1.8571428571428568,0.7142857142857143,0.14285714285714285,0.2857142857142857,0.2857142857142857,0.14285714285714285,0.0,0.14285714285714285,2017-18,regular season
Josh Gray,PHX,5,86,2.4,6.0,1.2,1.2,0.8,0.0,0.4,0.2,1.0,2017-18,regular season
Wade Baldwin IV,POR,7,80,0.7142857142857143,1.5714285714285714,0.5714285714285714,0.14285714285714285,0.2857142857142857,0.14285714285714285,0.14285714285714285,0.0,0.14285714285714285,2017-18,regular season
Demetrius Jackson,PHI,15,80,0.6,1.4,0.4,0.2,0.2,0.13333333333333333,0.06666666666666668,0.0,0.2,2017-18,regular season
Furkan Korkmaz,PHI,14,80,0.2857142857142857,0.5714285714285714,0.2857142857142857,0.0,0.2857142857142857,0.0,0.0,0.0,0.0,2017-18,regular season
Okaro White,MIA,6,80,0.3333333333333333,0.8333333333333334,0.16666666666666666,0.16666666666666666,0.0,0.0,0.16666666666666666,0.0,0.16666666666666666,2017-18,regular season
Omari Johnson,MEM,4,75,1.75,4.25,1.0,0.75,0.25,0.0,0.75,0.25,0.5,2017-18,regular season
Nick Collison,OKC,15,75,0.26666666666666666,0.6,0.2,0.06666666666666668,0.06666666666666668,0.0,0.13333333333333333,0.0,0.06666666666666668,2017-18,regular season
Marquis Teague,MEM,3,74,4.333333333333333,10.333333333333334,2.6666666666666665,1.6666666666666667,0.3333333333333333,1.3333333333333333,1.0,0.0,1.6666666666666667,2017-18,regular season
Thomas Bryant,LAL,15,72,0.4,0.9333333333333332,0.26666666666666666,0.13333333333333333,0.2,0.06666666666666668,0.0,0.06666666666666668,0.06666666666666668,2017-18,regular season
Udonis Haslem,MIA,14,72,0.35714285714285715,0.8571428571428571,0.21428571428571427,0.14285714285714285,0.07142857142857142,0.07142857142857142,0.07142857142857142,0.0,0.14285714285714285,2017-18,regular season
D.J. Wilson,MIL,22,71,0.13636363636363635,0.2727272727272727,0.13636363636363635,0.0,0.09090909090909093,0.0,0.045454545454545456,0.0,0.0,2017-18,regular season
Alan Williams,PHX,5,70,1.6,4.6,0.2,1.4,0.2,0.0,0.0,0.6,0.8,2017-18,regular season
Larry Drew II,NOP,10,70,1.0,2.3,0.7,0.3,0.4,0.2,0.1,0.2,0.1,2017-18,regular season
London Perrantes,CLE,14,66,0.35714285714285715,0.9285714285714286,0.14285714285714285,0.21428571428571427,0.14285714285714285,0.0,0.0,0.14285714285714285,0.07142857142857142,2017-18,regular season
Andre Ingram,LAL,2,64,3.5,9.0,1.5,2.0,0.5,1.0,0.0,0.5,1.5,2017-18,regular season
Gian Clavell,DAL,7,64,0.42857142857142855,1.2857142857142858,0.0,0.42857142857142855,0.0,0.0,0.0,0.0,0.42857142857142855,2017-18,regular season
James Young,PHI,6,61,0.3333333333333333,0.8333333333333334,0.16666666666666666,0.16666666666666666,0.0,0.0,0.16666666666666666,0.0,0.16666666666666666,2017-18,regular season
Kyle Singler,OKC,12,59,0.16666666666666666,0.5,0.0,0.16666666666666666,0.0,0.0,0.0,0.08333333333333333,0.08333333333333333,2017-18,regular season
Alfonzo McKinnie,TOR,14,53,0.07142857142857142,0.21428571428571427,0.0,0.07142857142857142,0.0,0.0,0.0,0.0,0.07142857142857142,2017-18,regular season
Jordan Crawford,NOP,5,53,2.6,6.6,1.2,1.4,0.8,0.0,0.4,0.4,1.0,2017-18,regular season
Marshall Plumlee,MIL,8,52,0.25,0.625,0.125,0.125,0.0,0.0,0.125,0.125,0.0,2017-18,regular season
Cole Aldrich,MIN,21,49,0.14285714285714285,0.3333333333333333,0.09523809523809523,0.047619047619047616,0.047619047619047616,0.0,0.047619047619047616,0.047619047619047616,0.0,2017-18,regular season
RJ Hunter,HOU,5,45,0.6,1.4,0.4,0.2,0.4,0.0,0.0,0.2,0.0,2017-18,regular season
Vander Blue,LAL,5,45,0.6,1.6,0.2,0.4,0.0,0.2,0.0,0.2,0.2,2017-18,regular season
Adreian Payne,ORL,5,43,0.0,0.0,0.0,0.0,0.0,0.0,0.0,0.0,0.0,2017-18,regular season
Joakim Noah,NYK,7,40,0.5714285714285714,1.4285714285714286,0.2857142857142857,0.2857142857142857,0.14285714285714285,0.0,0.14285714285714285,0.0,0.2857142857142857,2017-18,regular season
Jonathan Gibson,BOS,4,40,1.0,2.25,0.75,0.25,0.5,0.0,0.25,0.25,0.0,2017-18,regular season
Jeff Withey,DAL,9,39,0.0,0.0,0.0,0.0,0.0,0.0,0.0,0.0,0.0,2017-18,regular season
Charles Cooke,NOP,13,38,0.07692307692307693,0.2307692307692308,0.0,0.07692307692307693,0.0,0.0,0.0,0.0,0.07692307692307693,2017-18,regular season
Joel Bolomboy,MIL,6,38,0.0,0.0,0.0,0.0,0.0,0.0,0.0,0.0,0.0,2017-18,regular season
Walter Lemon Jr.,NOP,5,35,1.0,2.4,0.6,0.4,0.4,0.2,0.0,0.2,0.2,2017-18,regular season
Aaron Jackson,HOU,1,34,1.0,3.0,0.0,1.0,0.0,0.0,0.0,1.0,0.0,2017-18,regular season
Aaron Jackson,HOU,1,34,1.0,3.0,0.0,1.0,0.0,0.0,0.0,1.0,0.0,2017-18,regular season
Jacob Wiley,BKN,5,33,0.4,0.8,0.4,0.0,0.2,0.0,0.2,0.0,0.0,2017-18,regular season
Matt Costello,SAS,4,32,0.5,1.5,0.0,0.5,0.0,0.0,0.0,0.0,0.5,2017-18,regular season
Georges Niang,UTA,9,32,0.3333333333333333,0.6666666666666666,0.3333333333333333,0.0,0.2222222222222222,0.1111111111111111,0.0,0.0,0.0,2017-18,regular season
Markel Brown,HOU,4,31,0.5,1.0,0.5,0.0,0.5,0.0,0.0,0.0,0.0,2017-18,regular season
Ike Anigbogu,IND,11,30,0.0,0.0,0.0,0.0,0.0,0.0,0.0,0.0,0.0,2017-18,regular season
